Date,Value,Rate
01/01/2020,1.085,CHF
01/01/2020,0.8459,GBP
01/01/2020,121.87100000000001,JPY
01/01/2020,9.8475,NOK
01/01/2020,1.1215,USD
01/02/2019,-0.365,EONIA
01/02/2019,-0.11,EUR12M
01/02/2019,-0.369,EUR1M
01/02/2019,-0.375,EUR1W
01/02/2019,-0.308,EUR3M
01/02/2019,-0.235,EUR6M
01/03/2019,-0.368,EONIA
01/03/2019,-0.108,EUR12M
01/03/2019,-0.368,EUR1M
01/03/2019,-0.373,EUR1W
01/03/2019,-0.31,EUR3M
01/03/2019,-0.23,EUR6M
01/04/2019,-0.366,EONIA
01/04/2019,-0.112,EUR12M
01/04/2019,-0.3670000000000001,EUR1M
01/04/2019,-0.379,EUR1W
01/04/2019,-0.31,EUR3M
01/04/2019,-0.228,EUR6M
01/04/2020,1.0582,CHF
01/04/2020,-0.442,EONIA
01/04/2020,-0.168,EUR12M
01/04/2020,-0.468,EUR1M
01/04/2020,-0.516,EUR1W
01/04/2020,-0.343,EUR3M
01/04/2020,-0.276,EUR6M
01/04/2020,0.8837,GBP
01/04/2020,117.45299999999999,JPY
01/04/2020,11.4346,NOK
01/04/2020,1.0956,USD
01/05/2020,1.0549,CHF
01/05/2020,0.8788,GBP
01/05/2020,117.4,JPY
01/05/2020,11.347999999999999,NOK
01/05/2020,1.0979999999999999,USD
01/07/2019,-0.366,EONIA
01/07/2019,-0.217,EUR12M
01/07/2019,-0.392,EUR1M
01/07/2019,-0.398,EUR1W
01/07/2019,-0.34600000000000003,EUR3M
01/07/2019,-0.313,EUR6M
01/08/2019,-0.361,EONIA
01/08/2019,-0.3,EUR12M
01/08/2019,-0.393,EUR1M
01/08/2019,-0.414,EUR1W
01/08/2019,-0.377,EUR3M
01/08/2019,-0.363,EUR6M
01/10/2019,-0.464,EONIA
01/10/2019,-0.33,EUR12M
01/10/2019,-0.467,EUR1M
01/10/2019,-0.4970000000000001,EUR1W
01/10/2019,-0.428,EUR3M
01/10/2019,-0.387,EUR6M
01/11/2019,-0.464,EONIA
01/11/2019,-0.281,EUR12M
01/11/2019,-0.443,EUR1M
01/11/2019,-0.488,EUR1W
01/11/2019,-0.399,EUR3M
01/11/2019,-0.348,EUR6M
02/01/2019,-0.368,EONIA
02/01/2019,-0.121,EUR12M
02/01/2019,-0.362,EUR1M
02/01/2019,-0.3720000000000001,EUR1W
02/01/2019,-0.31,EUR3M
02/01/2019,-0.238,EUR6M
02/01/2020,1.0848,CHF
02/01/2020,-0.454,EONIA
02/01/2020,-0.248,EUR12M
02/01/2020,-0.436,EUR1M
02/01/2020,-0.491,EUR1W
02/01/2020,-0.379,EUR3M
02/01/2020,-0.32299999999999995,EUR6M
02/01/2020,0.8501,GBP
02/01/2020,121.26100000000001,JPY
02/01/2020,9.8227,NOK
02/01/2020,1.1171,USD
02/03/2020,1.0672,CHF
02/03/2020,-0.457,EONIA
02/03/2020,-0.327,EUR12M
02/03/2020,-0.488,EUR1M
02/03/2020,-0.52,EUR1W
02/03/2020,-0.434,EUR3M
02/03/2020,-0.4,EUR6M
02/03/2020,0.8733,GBP
02/03/2020,120.60799999999999,JPY
02/03/2020,10.3452,NOK
02/03/2020,1.1139,USD
02/04/2019,-0.3670000000000001,EONIA
02/04/2019,-0.112,EUR12M
02/04/2019,-0.3670000000000001,EUR1M
02/04/2019,-0.38,EUR1W
02/04/2019,-0.311,EUR3M
02/04/2019,-0.23,EUR6M
02/04/2020,1.0573,CHF
02/04/2020,-0.449,EONIA
02/04/2020,-0.153,EUR12M
02/04/2020,-0.454,EUR1M
02/04/2020,-0.495,EUR1W
02/04/2020,-0.336,EUR3M
02/04/2020,-0.268,EUR6M
02/04/2020,0.8754,GBP
02/04/2020,117.311,JPY
02/04/2020,11.2646,NOK
02/04/2020,1.085,USD
02/05/2019,-0.362,EONIA
02/05/2019,-0.114,EUR12M
02/05/2019,-0.366,EUR1M
02/05/2019,-0.377,EUR1W
02/05/2019,-0.309,EUR3M
02/05/2019,-0.232,EUR6M
02/07/2019,-0.3670000000000001,EONIA
02/07/2019,-0.233,EUR12M
02/07/2019,-0.386,EUR1M
02/07/2019,-0.397,EUR1W
02/07/2019,-0.35100000000000003,EUR3M
02/07/2019,-0.327,EUR6M
02/08/2019,-0.35700000000000004,EONIA
02/08/2019,-0.304,EUR12M
02/08/2019,-0.392,EUR1M
02/08/2019,-0.411,EUR1W
02/08/2019,-0.38,EUR3M
02/08/2019,-0.3670000000000001,EUR6M
02/09/2019,-0.362,EONIA
02/09/2019,-0.384,EUR12M
02/09/2019,-0.4270000000000001,EUR1M
02/09/2019,-0.413,EUR1W
02/09/2019,-0.436,EUR3M
02/09/2019,-0.439,EUR6M
02/10/2019,-0.466,EONIA
02/10/2019,-0.32299999999999995,EUR12M
02/10/2019,-0.468,EUR1M
02/10/2019,-0.515,EUR1W
02/10/2019,-0.425,EUR3M
02/10/2019,-0.384,EUR6M
02/12/2019,-0.456,EONIA
02/12/2019,-0.27,EUR12M
02/12/2019,-0.439,EUR1M
02/12/2019,-0.472,EUR1W
02/12/2019,-0.4,EUR3M
02/12/2019,-0.345,EUR6M
03/01/2019,-0.366,EONIA
03/01/2019,-0.119,EUR12M
03/01/2019,-0.363,EUR1M
03/01/2019,-0.3720000000000001,EUR1W
03/01/2019,-0.309,EUR3M
03/01/2019,-0.237,EUR6M
03/01/2020,1.0857,CHF
03/01/2020,-0.452,EONIA
03/01/2020,-0.238,EUR12M
03/01/2020,-0.443,EUR1M
03/01/2020,-0.503,EUR1W
03/01/2020,-0.384,EUR3M
03/01/2020,-0.32299999999999995,EUR6M
03/01/2020,0.8527,GBP
03/01/2020,120.63,JPY
03/01/2020,9.8617,NOK
03/01/2020,1.1159999999999999,USD
03/02/2020,1.0682,CHF
03/02/2020,-0.452,EONIA
03/02/2020,-0.29,EUR12M
03/02/2020,-0.455,EUR1M
03/02/2020,-0.51,EUR1W
03/02/2020,-0.393,EUR3M
03/02/2020,-0.338,EUR6M
03/02/2020,0.8508,GBP
03/02/2020,120.176,JPY
03/02/2020,10.2678,NOK
03/02/2020,1.1059,USD
03/03/2020,1.0679,CHF
03/03/2020,-0.457,EONIA
03/03/2020,-0.362,EUR12M
03/03/2020,-0.508,EUR1M
03/03/2020,-0.516,EUR1W
03/03/2020,-0.463,EUR3M
03/03/2020,-0.422,EUR6M
03/03/2020,0.8716,GBP
03/03/2020,119.69,JPY
03/03/2020,10.3604,NOK
03/03/2020,1.1169,USD
03/04/2019,-0.368,EONIA
03/04/2019,-0.112,EUR12M
03/04/2019,-0.3670000000000001,EUR1M
03/04/2019,-0.38,EUR1W
03/04/2019,-0.31,EUR3M
03/04/2019,-0.23,EUR6M
03/04/2020,1.0553,CHF
03/04/2020,-0.454,EONIA
03/04/2020,-0.149,EUR12M
03/04/2020,-0.438,EUR1M
03/04/2020,-0.518,EUR1W
03/04/2020,-0.341,EUR3M
03/04/2020,-0.277,EUR6M
03/04/2020,0.8812,GBP
03/04/2020,117.27799999999999,JPY
03/04/2020,11.4296,NOK
03/04/2020,1.0812,USD
03/05/2019,-0.35600000000000004,EONIA
03/05/2019,-0.114,EUR12M
03/05/2019,-0.365,EUR1M
03/05/2019,-0.376,EUR1W
03/05/2019,-0.309,EUR3M
03/05/2019,-0.23,EUR6M
03/06/2019,-0.365,EONIA
03/06/2019,-0.175,EUR12M
03/06/2019,-0.378,EUR1M
03/06/2019,-0.391,EUR1W
03/06/2019,-0.32299999999999995,EUR3M
03/06/2019,-0.254,EUR6M
03/07/2019,-0.368,EONIA
03/07/2019,-0.243,EUR12M
03/07/2019,-0.39,EUR1M
03/07/2019,-0.397,EUR1W
03/07/2019,-0.353,EUR3M
03/07/2019,-0.335,EUR6M
03/09/2019,-0.363,EONIA
03/09/2019,-0.385,EUR12M
03/09/2019,-0.435,EUR1M
03/09/2019,-0.413,EUR1W
03/09/2019,-0.448,EUR3M
03/09/2019,-0.448,EUR6M
03/10/2019,-0.47,EONIA
03/10/2019,-0.328,EUR12M
03/10/2019,-0.474,EUR1M
03/10/2019,-0.503,EUR1W
03/10/2019,-0.425,EUR3M
03/10/2019,-0.387,EUR6M
03/12/2019,-0.454,EONIA
03/12/2019,-0.263,EUR12M
03/12/2019,-0.448,EUR1M
03/12/2019,-0.499,EUR1W
03/12/2019,-0.397,EUR3M
03/12/2019,-0.333,EUR6M
04/01/2019,-0.365,EONIA
04/01/2019,-0.119,EUR12M
04/01/2019,-0.363,EUR1M
04/01/2019,-0.373,EUR1W
04/01/2019,-0.309,EUR3M
04/01/2019,-0.237,EUR6M
04/02/2019,-0.358,EONIA
04/02/2019,-0.109,EUR12M
04/02/2019,-0.3670000000000001,EUR1M
04/02/2019,-0.374,EUR1W
04/02/2019,-0.307,EUR3M
04/02/2019,-0.235,EUR6M
04/02/2020,1.0704,CHF
04/02/2020,-0.451,EONIA
04/02/2020,-0.28800000000000003,EUR12M
04/02/2020,-0.46,EUR1M
04/02/2020,-0.509,EUR1W
04/02/2020,-0.396,EUR3M
04/02/2020,-0.34,EUR6M
04/02/2020,0.8474,GBP
04/02/2020,120.899,JPY
04/02/2020,10.1721,NOK
04/02/2020,1.1044,USD
04/03/2019,-0.37,EONIA
04/03/2019,-0.108,EUR12M
04/03/2019,-0.3670000000000001,EUR1M
04/03/2019,-0.373,EUR1W
04/03/2019,-0.309,EUR3M
04/03/2019,-0.23,EUR6M
04/03/2020,1.0646,CHF
04/03/2020,-0.456,EONIA
04/03/2020,-0.359,EUR12M
04/03/2020,-0.502,EUR1M
04/03/2020,-0.507,EUR1W
04/03/2020,-0.468,EUR3M
04/03/2020,-0.418,EUR6M
04/03/2020,0.8651,GBP
04/03/2020,119.728,JPY
04/03/2020,10.3075,NOK
04/03/2020,1.1133,USD
04/04/2019,-0.368,EONIA
04/04/2019,-0.112,EUR12M
04/04/2019,-0.3670000000000001,EUR1M
04/04/2019,-0.38,EUR1W
04/04/2019,-0.31,EUR3M
04/04/2019,-0.23,EUR6M
04/05/2020,1.0527,CHF
04/05/2020,-0.458,EONIA
04/05/2020,-0.108,EUR12M
04/05/2020,-0.476,EUR1M
04/05/2020,-0.5,EUR1W
04/05/2020,-0.28600000000000003,EUR3M
04/05/2020,-0.157,EUR6M
04/05/2020,0.8762,GBP
04/05/2020,116.339,JPY
04/05/2020,11.2584,NOK
04/05/2020,1.0904,USD
04/06/2019,-0.365,EONIA
04/06/2019,-0.177,EUR12M
04/06/2019,-0.379,EUR1M
04/06/2019,-0.391,EUR1W
04/06/2019,-0.322,EUR3M
04/06/2019,-0.254,EUR6M
04/07/2019,-0.3670000000000001,EONIA
04/07/2019,-0.258,EUR12M
04/07/2019,-0.393,EUR1M
04/07/2019,-0.396,EUR1W
04/07/2019,-0.354,EUR3M
04/07/2019,-0.338,EUR6M
04/09/2019,-0.362,EONIA
04/09/2019,-0.379,EUR12M
04/09/2019,-0.441,EUR1M
04/09/2019,-0.404,EUR1W
04/09/2019,-0.443,EUR3M
04/09/2019,-0.439,EUR6M
04/10/2019,-0.468,EONIA
04/10/2019,-0.336,EUR12M
04/10/2019,-0.474,EUR1M
04/10/2019,-0.502,EUR1W
04/10/2019,-0.423,EUR3M
04/10/2019,-0.389,EUR6M
04/11/2019,-0.451,EONIA
04/11/2019,-0.276,EUR12M
04/11/2019,-0.443,EUR1M
04/11/2019,-0.483,EUR1W
04/11/2019,-0.398,EUR3M
04/11/2019,-0.343,EUR6M
04/12/2019,-0.455,EONIA
04/12/2019,-0.267,EUR12M
04/12/2019,-0.45,EUR1M
04/12/2019,-0.499,EUR1W
04/12/2019,-0.393,EUR3M
04/12/2019,-0.335,EUR6M
05/02/2019,-0.363,EONIA
05/02/2019,-0.109,EUR12M
05/02/2019,-0.368,EUR1M
05/02/2019,-0.374,EUR1W
05/02/2019,-0.308,EUR3M
05/02/2019,-0.234,EUR6M
05/02/2020,1.0708,CHF
05/02/2020,-0.451,EONIA
05/02/2020,-0.278,EUR12M
05/02/2020,-0.459,EUR1M
05/02/2020,-0.508,EUR1W
05/02/2020,-0.4,EUR3M
05/02/2020,-0.34600000000000003,EUR6M
05/02/2020,0.846,GBP
05/02/2020,120.77,JPY
05/02/2020,10.1287,NOK
05/02/2020,1.0999,USD
05/03/2019,-0.3720000000000001,EONIA
05/03/2019,-0.108,EUR12M
05/03/2019,-0.3670000000000001,EUR1M
05/03/2019,-0.373,EUR1W
05/03/2019,-0.308,EUR3M
05/03/2019,-0.231,EUR6M
05/03/2020,1.0619,CHF
05/03/2020,-0.455,EONIA
05/03/2020,-0.362,EUR12M
05/03/2020,-0.513,EUR1M
05/03/2020,-0.517,EUR1W
05/03/2020,-0.469,EUR3M
05/03/2020,-0.4320000000000001,EUR6M
05/03/2020,0.8671,GBP
05/03/2020,119.229,JPY
05/03/2020,10.4117,NOK
05/03/2020,1.1231,USD
05/04/2019,-0.368,EONIA
05/04/2019,-0.112,EUR12M
05/04/2019,-0.3670000000000001,EUR1M
05/04/2019,-0.379,EUR1W
05/04/2019,-0.31,EUR3M
05/04/2019,-0.231,EUR6M
05/05/2020,1.0542,CHF
05/05/2020,-0.454,EONIA
05/05/2020,-0.108,EUR12M
05/05/2020,-0.469,EUR1M
05/05/2020,-0.514,EUR1W
05/05/2020,-0.297,EUR3M
05/05/2020,-0.165,EUR6M
05/05/2020,0.8711,GBP
05/05/2020,115.50399999999999,JPY
05/05/2020,11.1263,NOK
05/05/2020,1.0844,USD
05/06/2019,-0.366,EONIA
05/06/2019,-0.177,EUR12M
05/06/2019,-0.383,EUR1M
05/06/2019,-0.389,EUR1W
05/06/2019,-0.32,EUR3M
05/06/2019,-0.254,EUR6M
05/07/2019,-0.3670000000000001,EONIA
05/07/2019,-0.268,EUR12M
05/07/2019,-0.394,EUR1M
05/07/2019,-0.404,EUR1W
05/07/2019,-0.36,EUR3M
05/07/2019,-0.344,EUR6M
05/08/2019,-0.35600000000000004,EONIA
05/08/2019,-0.308,EUR12M
05/08/2019,-0.401,EUR1M
05/08/2019,-0.407,EUR1W
05/08/2019,-0.384,EUR3M
05/08/2019,-0.369,EUR6M
05/09/2019,-0.36,EONIA
05/09/2019,-0.373,EUR12M
05/09/2019,-0.443,EUR1M
05/09/2019,-0.408,EUR1W
05/09/2019,-0.441,EUR3M
05/09/2019,-0.431,EUR6M
05/11/2019,-0.456,EONIA
05/11/2019,-0.278,EUR12M
05/11/2019,-0.438,EUR1M
05/11/2019,-0.475,EUR1W
05/11/2019,-0.403,EUR3M
05/11/2019,-0.344,EUR6M
05/12/2019,-0.455,EONIA
05/12/2019,-0.269,EUR12M
05/12/2019,-0.453,EUR1M
05/12/2019,-0.493,EUR1W
05/12/2019,-0.395,EUR3M
05/12/2019,-0.336,EUR6M
06/01/2020,1.0837,CHF
06/01/2020,-0.454,EONIA
06/01/2020,-0.248,EUR12M
06/01/2020,-0.45,EUR1M
06/01/2020,-0.506,EUR1W
06/01/2020,-0.385,EUR3M
06/01/2020,-0.325,EUR6M
06/01/2020,0.8497,GBP
06/01/2020,121.32700000000001,JPY
06/01/2020,9.8434,NOK
06/01/2020,1.1196,USD
06/02/2019,-0.363,EONIA
06/02/2019,-0.108,EUR12M
06/02/2019,-0.3670000000000001,EUR1M
06/02/2019,-0.373,EUR1W
06/02/2019,-0.308,EUR3M
06/02/2019,-0.234,EUR6M
06/02/2020,1.0701,CHF
06/02/2020,-0.45,EONIA
06/02/2020,-0.27,EUR12M
06/02/2020,-0.459,EUR1M
06/02/2020,-0.503,EUR1W
06/02/2020,-0.399,EUR3M
06/02/2020,-0.343,EUR6M
06/02/2020,0.8493,GBP
06/02/2020,120.774,JPY
06/02/2020,10.1259,NOK
06/02/2020,1.0979999999999999,USD
06/03/2019,-0.368,EONIA
06/03/2019,-0.108,EUR12M
06/03/2019,-0.3670000000000001,EUR1M
06/03/2019,-0.373,EUR1W
06/03/2019,-0.308,EUR3M
06/03/2019,-0.232,EUR6M
06/03/2020,1.0576,CHF
06/03/2020,-0.456,EONIA
06/03/2020,-0.348,EUR12M
06/03/2020,-0.501,EUR1M
06/03/2020,-0.52,EUR1W
06/03/2020,-0.473,EUR3M
06/03/2020,-0.4270000000000001,EUR6M
06/03/2020,0.8649,GBP
06/03/2020,118.935,JPY
06/03/2020,10.4337,NOK
06/03/2020,1.1285,USD
06/04/2020,1.0558,CHF
06/04/2020,-0.448,EONIA
06/04/2020,-0.134,EUR12M
06/04/2020,-0.431,EUR1M
06/04/2020,-0.493,EUR1W
06/04/2020,-0.318,EUR3M
06/04/2020,-0.253,EUR6M
06/04/2020,0.8843,GBP
06/04/2020,117.78,JPY
06/04/2020,11.2494,NOK
06/04/2020,1.0785,USD
06/05/2019,-0.361,EONIA
06/05/2019,-0.114,EUR12M
06/05/2019,-0.365,EUR1M
06/05/2019,-0.381,EUR1W
06/05/2019,-0.308,EUR3M
06/05/2019,-0.23,EUR6M
06/05/2020,1.0527,CHF
06/05/2020,-0.457,EONIA
06/05/2020,-0.08800000000000001,EUR12M
06/05/2020,-0.469,EUR1M
06/05/2020,-0.511,EUR1W
06/05/2020,-0.266,EUR3M
06/05/2020,-0.136,EUR6M
06/05/2020,0.8756,GBP
06/05/2020,114.50399999999999,JPY
06/05/2020,11.09,NOK
06/05/2020,1.0797,USD
06/06/2019,-0.3670000000000001,EONIA
06/06/2019,-0.183,EUR12M
06/06/2019,-0.383,EUR1M
06/06/2019,-0.392,EUR1W
06/06/2019,-0.32299999999999995,EUR3M
06/06/2019,-0.259,EUR6M
06/08/2019,-0.36,EONIA
06/08/2019,-0.319,EUR12M
06/08/2019,-0.4,EUR1M
06/08/2019,-0.415,EUR1W
06/08/2019,-0.389,EUR3M
06/08/2019,-0.383,EUR6M
06/09/2019,-0.362,EONIA
06/09/2019,-0.358,EUR12M
06/09/2019,-0.452,EUR1M
06/09/2019,-0.403,EUR1W
06/09/2019,-0.4370000000000001,EUR3M
06/09/2019,-0.423,EUR6M
06/11/2019,-0.454,EONIA
06/11/2019,-0.269,EUR12M
06/11/2019,-0.445,EUR1M
06/11/2019,-0.487,EUR1W
06/11/2019,-0.406,EUR3M
06/11/2019,-0.339,EUR6M
06/12/2019,-0.456,EONIA
06/12/2019,-0.269,EUR12M
06/12/2019,-0.456,EUR1M
06/12/2019,-0.489,EUR1W
06/12/2019,-0.393,EUR3M
06/12/2019,-0.333,EUR6M
07/01/2019,-0.365,EONIA
07/01/2019,-0.119,EUR12M
07/01/2019,-0.363,EUR1M
07/01/2019,-0.373,EUR1W
07/01/2019,-0.31,EUR3M
07/01/2019,-0.236,EUR6M
07/01/2020,1.0821,CHF
07/01/2020,-0.455,EONIA
07/01/2020,-0.248,EUR12M
07/01/2020,-0.452,EUR1M
07/01/2020,-0.504,EUR1W
07/01/2020,-0.387,EUR3M
07/01/2020,-0.32299999999999995,EUR6M
07/01/2020,0.8494,GBP
07/01/2020,120.895,JPY
07/01/2020,9.8723,NOK
07/01/2020,1.1148,USD
07/02/2019,-0.363,EONIA
07/02/2019,-0.108,EUR12M
07/02/2019,-0.369,EUR1M
07/02/2019,-0.373,EUR1W
07/02/2019,-0.308,EUR3M
07/02/2019,-0.233,EUR6M
07/02/2020,1.0696,CHF
07/02/2020,-0.452,EONIA
07/02/2020,-0.269,EUR12M
07/02/2020,-0.458,EUR1M
07/02/2020,-0.509,EUR1W
07/02/2020,-0.4,EUR3M
07/02/2020,-0.339,EUR6M
07/02/2020,0.8490000000000001,GBP
07/02/2020,120.13,JPY
07/02/2020,10.177999999999999,NOK
07/02/2020,1.0944,USD
07/03/2019,-0.364,EONIA
07/03/2019,-0.108,EUR12M
07/03/2019,-0.3670000000000001,EUR1M
07/03/2019,-0.375,EUR1W
07/03/2019,-0.308,EUR3M
07/03/2019,-0.231,EUR6M
07/04/2020,1.056,CHF
07/04/2020,-0.448,EONIA
07/04/2020,-0.122,EUR12M
07/04/2020,-0.406,EUR1M
07/04/2020,-0.515,EUR1W
07/04/2020,-0.293,EUR3M
07/04/2020,-0.232,EUR6M
07/04/2020,0.8824,GBP
07/04/2020,118.476,JPY
07/04/2020,11.1661,NOK
07/04/2020,1.0892,USD
07/05/2019,-0.363,EONIA
07/05/2019,-0.115,EUR12M
07/05/2019,-0.3670000000000001,EUR1M
07/05/2019,-0.38,EUR1W
07/05/2019,-0.308,EUR3M
07/05/2019,-0.229,EUR6M
07/05/2020,1.0542,CHF
07/05/2020,-0.456,EONIA
07/05/2020,-0.078,EUR12M
07/05/2020,-0.445,EUR1M
07/05/2020,-0.504,EUR1W
07/05/2020,-0.258,EUR3M
07/05/2020,-0.114,EUR6M
07/05/2020,0.8758,GBP
07/05/2020,115.20100000000001,JPY
07/05/2020,11.0961,NOK
07/05/2020,1.0838,USD
07/06/2019,-0.252,EONIA
07/06/2019,-0.175,EUR12M
07/06/2019,-0.381,EUR1M
07/06/2019,-0.391,EUR1W
07/06/2019,-0.319,EUR3M
07/06/2019,-0.256,EUR6M
07/08/2019,-0.359,EONIA
07/08/2019,-0.322,EUR12M
07/08/2019,-0.401,EUR1M
07/08/2019,-0.403,EUR1W
07/08/2019,-0.39,EUR3M
07/08/2019,-0.389,EUR6M
07/10/2019,-0.469,EONIA
07/10/2019,-0.336,EUR12M
07/10/2019,-0.468,EUR1M
07/10/2019,-0.498,EUR1W
07/10/2019,-0.423,EUR3M
07/10/2019,-0.389,EUR6M
07/11/2019,-0.452,EONIA
07/11/2019,-0.27,EUR12M
07/11/2019,-0.449,EUR1M
07/11/2019,-0.478,EUR1W
07/11/2019,-0.4,EUR3M
07/11/2019,-0.334,EUR6M
08/01/2019,-0.362,EONIA
08/01/2019,-0.118,EUR12M
08/01/2019,-0.363,EUR1M
08/01/2019,-0.3720000000000001,EUR1W
08/01/2019,-0.308,EUR3M
08/01/2019,-0.236,EUR6M
08/01/2020,1.0816,CHF
08/01/2020,-0.451,EONIA
08/01/2020,-0.251,EUR12M
08/01/2020,-0.448,EUR1M
08/01/2020,-0.511,EUR1W
08/01/2020,-0.39,EUR3M
08/01/2020,-0.332,EUR6M
08/01/2020,0.8477,GBP
08/01/2020,121.185,JPY
08/01/2020,9.8422,NOK
08/01/2020,1.111,USD
08/02/2019,-0.362,EONIA
08/02/2019,-0.109,EUR12M
08/02/2019,-0.368,EUR1M
08/02/2019,-0.3720000000000001,EUR1W
08/02/2019,-0.308,EUR3M
08/02/2019,-0.233,EUR6M
08/03/2019,-0.369,EONIA
08/03/2019,-0.109,EUR12M
08/03/2019,-0.3670000000000001,EUR1M
08/03/2019,-0.375,EUR1W
08/03/2019,-0.308,EUR3M
08/03/2019,-0.232,EUR6M
08/04/2019,-0.37,EONIA
08/04/2019,-0.112,EUR12M
08/04/2019,-0.3670000000000001,EUR1M
08/04/2019,-0.379,EUR1W
08/04/2019,-0.31,EUR3M
08/04/2019,-0.231,EUR6M
08/04/2020,1.0555,CHF
08/04/2020,-0.45,EONIA
08/04/2020,-0.09,EUR12M
08/04/2020,-0.379,EUR1M
08/04/2020,-0.517,EUR1W
08/04/2020,-0.254,EUR3M
08/04/2020,-0.196,EUR6M
08/04/2020,0.8766,GBP
08/04/2020,118.198,JPY
08/04/2020,11.1299,NOK
08/04/2020,1.0859,USD
08/05/2019,-0.366,EONIA
08/05/2019,-0.117,EUR12M
08/05/2019,-0.366,EUR1M
08/05/2019,-0.38,EUR1W
08/05/2019,-0.308,EUR3M
08/05/2019,-0.23,EUR6M
08/05/2020,1.0519,CHF
08/05/2020,-0.456,EONIA
08/05/2020,-0.075,EUR12M
08/05/2020,-0.451,EUR1M
08/05/2020,-0.503,EUR1W
08/05/2020,-0.246,EUR3M
08/05/2020,-0.145,EUR6M
08/05/2020,0.8734,GBP
08/05/2020,115.639,JPY
08/05/2020,11.062000000000001,NOK
08/05/2020,1.0838,USD
08/07/2019,-0.368,EONIA
08/07/2019,-0.258,EUR12M
08/07/2019,-0.393,EUR1M
08/07/2019,-0.398,EUR1W
08/07/2019,-0.35600000000000004,EUR3M
08/07/2019,-0.338,EUR6M
08/08/2019,-0.35200000000000004,EONIA
08/08/2019,-0.339,EUR12M
08/08/2019,-0.409,EUR1M
08/08/2019,-0.407,EUR1W
08/08/2019,-0.398,EUR3M
08/08/2019,-0.393,EUR6M
08/10/2019,-0.467,EONIA
08/10/2019,-0.33,EUR12M
08/10/2019,-0.463,EUR1M
08/10/2019,-0.4970000000000001,EUR1W
08/10/2019,-0.417,EUR3M
08/10/2019,-0.387,EUR6M
08/11/2019,-0.455,EONIA
08/11/2019,-0.262,EUR12M
08/11/2019,-0.463,EUR1M
08/11/2019,-0.477,EUR1W
08/11/2019,-0.395,EUR3M
08/11/2019,-0.324,EUR6M
09/01/2019,-0.365,EONIA
09/01/2019,-0.118,EUR12M
09/01/2019,-0.364,EUR1M
09/01/2019,-0.374,EUR1W
09/01/2019,-0.308,EUR3M
09/01/2019,-0.236,EUR6M
09/01/2020,1.0804,CHF
09/01/2020,-0.454,EONIA
09/01/2020,-0.26,EUR12M
09/01/2020,-0.456,EUR1M
09/01/2020,-0.518,EUR1W
09/01/2020,-0.393,EUR3M
09/01/2020,-0.333,EUR6M
09/01/2020,0.8498,GBP
09/01/2020,121.59,JPY
09/01/2020,9.8608,NOK
09/01/2020,1.1106,USD
09/03/2020,1.0590000000000002,CHF
09/03/2020,-0.454,EONIA
09/03/2020,-0.35200000000000004,EUR12M
09/03/2020,-0.496,EUR1M
09/03/2020,-0.516,EUR1W
09/03/2020,-0.468,EUR3M
09/03/2020,-0.421,EUR6M
09/03/2020,0.8733,GBP
09/03/2020,117.16799999999999,JPY
09/03/2020,10.9479,NOK
09/03/2020,1.1438,USD
09/04/2019,-0.368,EONIA
09/04/2019,-0.112,EUR12M
09/04/2019,-0.3670000000000001,EUR1M
09/04/2019,-0.378,EUR1W
09/04/2019,-0.31,EUR3M
09/04/2019,-0.231,EUR6M
09/04/2020,1.0563,CHF
09/04/2020,-0.451,EONIA
09/04/2020,-0.087,EUR12M
09/04/2020,-0.387,EUR1M
09/04/2020,-0.507,EUR1W
09/04/2020,-0.22,EUR3M
09/04/2020,-0.179,EUR6M
09/04/2020,0.8766,GBP
09/04/2020,118.51799999999999,JPY
09/04/2020,11.1653,NOK
09/04/2020,1.0926,USD
09/05/2019,-0.364,EONIA
09/05/2019,-0.118,EUR12M
09/05/2019,-0.366,EUR1M
09/05/2019,-0.381,EUR1W
09/05/2019,-0.308,EUR3M
09/05/2019,-0.231,EUR6M
09/07/2019,-0.368,EONIA
09/07/2019,-0.258,EUR12M
09/07/2019,-0.389,EUR1M
09/07/2019,-0.394,EUR1W
09/07/2019,-0.358,EUR3M
09/07/2019,-0.336,EUR6M
09/08/2019,-0.358,EONIA
09/08/2019,-0.343,EUR12M
09/08/2019,-0.403,EUR1M
09/08/2019,-0.408,EUR1W
09/08/2019,-0.404,EUR3M
09/08/2019,-0.396,EUR6M
09/09/2019,-0.363,EONIA
09/09/2019,-0.36,EUR12M
09/09/2019,-0.448,EUR1M
09/09/2019,-0.407,EUR1W
09/09/2019,-0.433,EUR3M
09/09/2019,-0.413,EUR6M
09/10/2019,-0.467,EONIA
09/10/2019,-0.333,EUR12M
09/10/2019,-0.464,EUR1M
09/10/2019,-0.501,EUR1W
09/10/2019,-0.418,EUR3M
09/10/2019,-0.384,EUR6M
09/12/2019,-0.456,EONIA
09/12/2019,-0.277,EUR12M
09/12/2019,-0.451,EUR1M
09/12/2019,-0.505,EUR1W
09/12/2019,-0.392,EUR3M
09/12/2019,-0.332,EUR6M
10/01/2019,-0.366,EONIA
10/01/2019,-0.118,EUR12M
10/01/2019,-0.364,EUR1M
10/01/2019,-0.374,EUR1W
10/01/2019,-0.308,EUR3M
10/01/2019,-0.236,EUR6M
10/01/2020,1.0813,CHF
10/01/2020,-0.453,EONIA
10/01/2020,-0.253,EUR12M
10/01/2020,-0.463,EUR1M
10/01/2020,-0.514,EUR1W
10/01/2020,-0.395,EUR3M
10/01/2020,-0.334,EUR6M
10/01/2020,0.8515,GBP
10/01/2020,121.77,JPY
10/01/2020,9.8785,NOK
10/01/2020,1.112,USD
10/02/2020,1.0661,CHF
10/02/2020,-0.452,EONIA
10/02/2020,-0.269,EUR12M
10/02/2020,-0.471,EUR1M
10/02/2020,-0.508,EUR1W
10/02/2020,-0.397,EUR3M
10/02/2020,-0.34600000000000003,EUR6M
10/02/2020,0.8448,GBP
10/02/2020,119.75,JPY
10/02/2020,10.1268,NOK
10/02/2020,1.091,USD
10/03/2020,1.06,CHF
10/03/2020,-0.456,EONIA
10/03/2020,-0.358,EUR12M
10/03/2020,-0.513,EUR1M
10/03/2020,-0.524,EUR1W
10/03/2020,-0.482,EUR3M
10/03/2020,-0.438,EUR6M
10/03/2020,0.8762,GBP
10/03/2020,118.855,JPY
10/03/2020,10.8293,NOK
10/03/2020,1.1307,USD
10/04/2019,-0.3670000000000001,EONIA
10/04/2019,-0.112,EUR12M
10/04/2019,-0.3670000000000001,EUR1M
10/04/2019,-0.378,EUR1W
10/04/2019,-0.31,EUR3M
10/04/2019,-0.231,EUR6M
10/04/2020,1.0555,CHF
10/04/2020,0.8779,GBP
10/04/2020,118.542,JPY
10/04/2020,11.1446,NOK
10/04/2020,1.0932,USD
10/05/2019,-0.365,EONIA
10/05/2019,-0.118,EUR12M
10/05/2019,-0.3670000000000001,EUR1M
10/05/2019,-0.381,EUR1W
10/05/2019,-0.309,EUR3M
10/05/2019,-0.231,EUR6M
10/06/2019,-0.368,EONIA
10/06/2019,-0.17800000000000002,EUR12M
10/06/2019,-0.377,EUR1M
10/06/2019,-0.391,EUR1W
10/06/2019,-0.318,EUR3M
10/06/2019,-0.258,EUR6M
10/07/2019,-0.368,EONIA
10/07/2019,-0.253,EUR12M
10/07/2019,-0.389,EUR1M
10/07/2019,-0.396,EUR1W
10/07/2019,-0.358,EUR3M
10/07/2019,-0.329,EUR6M
10/09/2019,-0.365,EONIA
10/09/2019,-0.37,EUR12M
10/09/2019,-0.455,EUR1M
10/09/2019,-0.407,EUR1W
10/09/2019,-0.435,EUR3M
10/09/2019,-0.414,EUR6M
10/10/2019,-0.467,EONIA
10/10/2019,-0.326,EUR12M
10/10/2019,-0.466,EUR1M
10/10/2019,-0.493,EUR1W
10/10/2019,-0.418,EUR3M
10/10/2019,-0.375,EUR6M
10/12/2019,-0.459,EONIA
10/12/2019,-0.269,EUR12M
10/12/2019,-0.448,EUR1M
10/12/2019,-0.4920000000000001,EUR1W
10/12/2019,-0.393,EUR3M
10/12/2019,-0.333,EUR6M
11/01/2019,-0.366,EONIA
11/01/2019,-0.117,EUR12M
11/01/2019,-0.365,EUR1M
11/01/2019,-0.375,EUR1W
11/01/2019,-0.308,EUR3M
11/01/2019,-0.236,EUR6M
11/02/2019,-0.366,EONIA
11/02/2019,-0.109,EUR12M
11/02/2019,-0.368,EUR1M
11/02/2019,-0.374,EUR1W
11/02/2019,-0.308,EUR3M
11/02/2019,-0.232,EUR6M
11/02/2020,1.0652,CHF
11/02/2020,-0.456,EONIA
11/02/2020,-0.276,EUR12M
11/02/2020,-0.477,EUR1M
11/02/2020,-0.515,EUR1W
11/02/2020,-0.409,EUR3M
11/02/2020,-0.35,EUR6M
11/02/2020,0.8426,GBP
11/02/2020,119.87200000000001,JPY
11/02/2020,10.0922,NOK
11/02/2020,1.0919,USD
11/03/2019,-0.371,EONIA
11/03/2019,-0.108,EUR12M
11/03/2019,-0.368,EUR1M
11/03/2019,-0.376,EUR1W
11/03/2019,-0.308,EUR3M
11/03/2019,-0.232,EUR6M
11/03/2020,1.0576,CHF
11/03/2020,-0.458,EONIA
11/03/2020,-0.339,EUR12M
11/03/2020,-0.503,EUR1M
11/03/2020,-0.523,EUR1W
11/03/2020,-0.473,EUR3M
11/03/2020,-0.429,EUR6M
11/03/2020,0.8785,GBP
11/03/2020,117.906,JPY
11/03/2020,10.904000000000002,NOK
11/03/2020,1.1258,USD
11/04/2019,-0.3670000000000001,EONIA
11/04/2019,-0.112,EUR12M
11/04/2019,-0.3670000000000001,EUR1M
11/04/2019,-0.378,EUR1W
11/04/2019,-0.31,EUR3M
11/04/2019,-0.232,EUR6M
11/05/2020,1.0514,CHF
11/05/2020,-0.459,EONIA
11/05/2020,-0.085,EUR12M
11/05/2020,-0.446,EUR1M
11/05/2020,-0.512,EUR1W
11/05/2020,-0.258,EUR3M
11/05/2020,-0.147,EUR6M
11/05/2020,0.8762,GBP
11/05/2020,116.35,JPY
11/05/2020,11.1229,NOK
11/05/2020,1.0809,USD
11/06/2019,-0.37,EONIA
11/06/2019,-0.17800000000000002,EUR12M
11/06/2019,-0.377,EUR1M
11/06/2019,-0.396,EUR1W
11/06/2019,-0.319,EUR3M
11/06/2019,-0.258,EUR6M
11/07/2019,-0.366,EONIA
11/07/2019,-0.277,EUR12M
11/07/2019,-0.394,EUR1M
11/07/2019,-0.404,EUR1W
11/07/2019,-0.364,EUR3M
11/07/2019,-0.342,EUR6M
11/09/2019,-0.366,EONIA
11/09/2019,-0.373,EUR12M
11/09/2019,-0.453,EUR1M
11/09/2019,-0.412,EUR1W
11/09/2019,-0.43,EUR3M
11/09/2019,-0.408,EUR6M
11/10/2019,-0.465,EONIA
11/10/2019,-0.303,EUR12M
11/10/2019,-0.473,EUR1M
11/10/2019,-0.496,EUR1W
11/10/2019,-0.418,EUR3M
11/10/2019,-0.358,EUR6M
11/11/2019,-0.456,EONIA
11/11/2019,-0.263,EUR12M
11/11/2019,-0.453,EUR1M
11/11/2019,-0.485,EUR1W
11/11/2019,-0.394,EUR3M
11/11/2019,-0.331,EUR6M
11/12/2019,-0.459,EONIA
11/12/2019,-0.272,EUR12M
11/12/2019,-0.456,EUR1M
11/12/2019,-0.491,EUR1W
11/12/2019,-0.393,EUR3M
11/12/2019,-0.338,EUR6M
12/02/2019,-0.3670000000000001,EONIA
12/02/2019,-0.11,EUR12M
12/02/2019,-0.368,EUR1M
12/02/2019,-0.3720000000000001,EUR1W
12/02/2019,-0.308,EUR3M
12/02/2019,-0.231,EUR6M
12/02/2020,1.0634,CHF
12/02/2020,-0.456,EONIA
12/02/2020,-0.28800000000000003,EUR12M
12/02/2020,-0.47,EUR1M
12/02/2020,-0.518,EUR1W
12/02/2020,-0.413,EUR3M
12/02/2020,-0.362,EUR6M
12/02/2020,0.8388,GBP
12/02/2020,119.677,JPY
12/02/2020,10.0295,NOK
12/02/2020,1.0871,USD
12/03/2019,-0.366,EONIA
12/03/2019,-0.108,EUR12M
12/03/2019,-0.368,EUR1M
12/03/2019,-0.378,EUR1W
12/03/2019,-0.309,EUR3M
12/03/2019,-0.231,EUR6M
12/03/2020,1.0566,CHF
12/03/2020,-0.455,EONIA
12/03/2020,-0.368,EUR12M
12/03/2020,-0.52,EUR1M
12/03/2020,-0.528,EUR1W
12/03/2020,-0.489,EUR3M
12/03/2020,-0.447,EUR6M
12/03/2020,0.8881,GBP
12/03/2020,117.09299999999999,JPY
12/03/2020,11.3592,NOK
12/03/2020,1.1176,USD
12/04/2019,-0.364,EONIA
12/04/2019,-0.112,EUR12M
12/04/2019,-0.3670000000000001,EUR1M
12/04/2019,-0.378,EUR1W
12/04/2019,-0.31,EUR3M
12/04/2019,-0.232,EUR6M
12/05/2020,1.0519,CHF
12/05/2020,-0.458,EONIA
12/05/2020,-0.073,EUR12M
12/05/2020,-0.448,EUR1M
12/05/2020,-0.513,EUR1W
12/05/2020,-0.245,EUR3M
12/05/2020,-0.147,EUR6M
12/05/2020,0.8845,GBP
12/05/2020,116.384,JPY
12/05/2020,11.0249,NOK
12/05/2020,1.0852,USD
12/06/2019,-0.3670000000000001,EONIA
12/06/2019,-0.173,EUR12M
12/06/2019,-0.377,EUR1M
12/06/2019,-0.395,EUR1W
12/06/2019,-0.318,EUR3M
12/06/2019,-0.259,EUR6M
12/07/2019,-0.366,EONIA
12/07/2019,-0.28,EUR12M
12/07/2019,-0.393,EUR1M
12/07/2019,-0.399,EUR1W
12/07/2019,-0.363,EUR3M
12/07/2019,-0.342,EUR6M
12/08/2019,-0.36,EONIA
12/08/2019,-0.35200000000000004,EUR12M
12/08/2019,-0.405,EUR1M
12/08/2019,-0.404,EUR1W
12/08/2019,-0.4,EUR3M
12/08/2019,-0.4,EUR6M
12/09/2019,-0.366,EONIA
12/09/2019,-0.373,EUR12M
12/09/2019,-0.455,EUR1M
12/09/2019,-0.4270000000000001,EUR1W
12/09/2019,-0.433,EUR3M
12/09/2019,-0.408,EUR6M
12/11/2019,-0.452,EONIA
12/11/2019,-0.255,EUR12M
12/11/2019,-0.457,EUR1M
12/11/2019,-0.482,EUR1W
12/11/2019,-0.398,EUR3M
12/11/2019,-0.328,EUR6M
12/12/2019,-0.459,EONIA
12/12/2019,-0.266,EUR12M
12/12/2019,-0.464,EUR1M
12/12/2019,-0.487,EUR1W
12/12/2019,-0.395,EUR3M
12/12/2019,-0.34,EUR6M
13/01/2020,1.0806,CHF
13/01/2020,-0.452,EONIA
13/01/2020,-0.246,EUR12M
13/01/2020,-0.46,EUR1M
13/01/2020,-0.498,EUR1W
13/01/2020,-0.389,EUR3M
13/01/2020,-0.324,EUR6M
13/01/2020,0.857,GBP
13/01/2020,122.413,JPY
13/01/2020,9.8959,NOK
13/01/2020,1.1135,USD
13/02/2019,-0.369,EONIA
13/02/2019,-0.108,EUR12M
13/02/2019,-0.3670000000000001,EUR1M
13/02/2019,-0.3720000000000001,EUR1W
13/02/2019,-0.308,EUR3M
13/02/2019,-0.231,EUR6M
13/02/2020,1.0612,CHF
13/02/2020,-0.455,EONIA
13/02/2020,-0.287,EUR12M
13/02/2020,-0.48,EUR1M
13/02/2020,-0.509,EUR1W
13/02/2020,-0.411,EUR3M
13/02/2020,-0.35700000000000004,EUR6M
13/02/2020,0.8311,GBP
13/02/2020,119.038,JPY
13/02/2020,10.0293,NOK
13/02/2020,1.084,USD
13/03/2019,-0.3670000000000001,EONIA
13/03/2019,-0.109,EUR12M
13/03/2019,-0.368,EUR1M
13/03/2019,-0.376,EUR1W
13/03/2019,-0.31,EUR3M
13/03/2019,-0.232,EUR6M
13/03/2020,1.056,CHF
13/03/2020,-0.456,EONIA
13/03/2020,-0.287,EUR12M
13/03/2020,-0.48,EUR1M
13/03/2020,-0.527,EUR1W
13/03/2020,-0.428,EUR3M
13/03/2020,-0.397,EUR6M
13/03/2020,0.9032,GBP
13/03/2020,119.86399999999999,JPY
13/03/2020,11.0915,NOK
13/03/2020,1.1105,USD
13/04/2020,1.0556,CHF
13/04/2020,0.8722,GBP
13/04/2020,117.544,JPY
13/04/2020,11.2446,NOK
13/04/2020,1.0915,USD
13/05/2019,-0.368,EONIA
13/05/2019,-0.118,EUR12M
13/05/2019,-0.366,EUR1M
13/05/2019,-0.379,EUR1W
13/05/2019,-0.311,EUR3M
13/05/2019,-0.231,EUR6M
13/05/2020,1.0516,CHF
13/05/2020,-0.457,EONIA
13/05/2020,-0.068,EUR12M
13/05/2020,-0.454,EUR1M
13/05/2020,-0.518,EUR1W
13/05/2020,-0.253,EUR3M
13/05/2020,-0.142,EUR6M
13/05/2020,0.8843,GBP
13/05/2020,115.777,JPY
13/05/2020,10.9876,NOK
13/05/2020,1.0818,USD
13/06/2019,-0.361,EONIA
13/06/2019,-0.168,EUR12M
13/06/2019,-0.376,EUR1M
13/06/2019,-0.394,EUR1W
13/06/2019,-0.318,EUR3M
13/06/2019,-0.259,EUR6M
13/08/2019,-0.359,EONIA
13/08/2019,-0.35700000000000004,EUR12M
13/08/2019,-0.413,EUR1M
13/08/2019,-0.408,EUR1W
13/08/2019,-0.402,EUR3M
13/08/2019,-0.401,EUR6M
13/09/2019,-0.369,EONIA
13/09/2019,-0.325,EUR12M
13/09/2019,-0.438,EUR1M
13/09/2019,-0.425,EUR1W
13/09/2019,-0.4,EUR3M
13/09/2019,-0.377,EUR6M
13/11/2019,-0.446,EONIA
13/11/2019,-0.261,EUR12M
13/11/2019,-0.463,EUR1M
13/11/2019,-0.483,EUR1W
13/11/2019,-0.402,EUR3M
13/11/2019,-0.336,EUR6M
13/12/2019,-0.458,EONIA
13/12/2019,-0.263,EUR12M
13/12/2019,-0.467,EUR1M
13/12/2019,-0.491,EUR1W
13/12/2019,-0.4,EUR3M
13/12/2019,-0.34,EUR6M
14/01/2019,-0.366,EONIA
14/01/2019,-0.118,EUR12M
14/01/2019,-0.368,EUR1M
14/01/2019,-0.375,EUR1W
14/01/2019,-0.308,EUR3M
14/01/2019,-0.236,EUR6M
14/01/2020,1.0763,CHF
14/01/2020,-0.453,EONIA
14/01/2020,-0.243,EUR12M
14/01/2020,-0.46,EUR1M
14/01/2020,-0.503,EUR1W
14/01/2020,-0.391,EUR3M
14/01/2020,-0.329,EUR6M
14/01/2020,0.8543,GBP
14/01/2020,122.374,JPY
14/01/2020,9.872,NOK
14/01/2020,1.1126,USD
14/02/2019,-0.37,EONIA
14/02/2019,-0.108,EUR12M
14/02/2019,-0.368,EUR1M
14/02/2019,-0.3720000000000001,EUR1W
14/02/2019,-0.308,EUR3M
14/02/2019,-0.231,EUR6M
14/02/2020,1.0636,CHF
14/02/2020,-0.453,EONIA
14/02/2020,-0.293,EUR12M
14/02/2020,-0.48,EUR1M
14/02/2020,-0.509,EUR1W
14/02/2020,-0.413,EUR3M
14/02/2020,-0.359,EUR6M
14/02/2020,0.8299,GBP
14/02/2020,118.89399999999999,JPY
14/02/2020,10.0064,NOK
14/02/2020,1.083,USD
14/03/2019,-0.368,EONIA
14/03/2019,-0.109,EUR12M
14/03/2019,-0.368,EUR1M
14/03/2019,-0.377,EUR1W
14/03/2019,-0.309,EUR3M
14/03/2019,-0.232,EUR6M
14/04/2020,1.0545,CHF
14/04/2020,-0.449,EONIA
14/04/2020,-0.105,EUR12M
14/04/2020,-0.404,EUR1M
14/04/2020,-0.518,EUR1W
14/04/2020,-0.248,EUR3M
14/04/2020,-0.195,EUR6M
14/04/2020,0.87,GBP
14/04/2020,117.715,JPY
14/04/2020,11.3051,NOK
14/04/2020,1.0983,USD
14/05/2019,-0.366,EONIA
14/05/2019,-0.121,EUR12M
14/05/2019,-0.366,EUR1M
14/05/2019,-0.38,EUR1W
14/05/2019,-0.311,EUR3M
14/05/2019,-0.232,EUR6M
14/05/2020,1.0515,CHF
14/05/2020,-0.456,EONIA
14/05/2020,-0.078,EUR12M
14/05/2020,-0.469,EUR1M
14/05/2020,-0.515,EUR1W
14/05/2020,-0.262,EUR3M
14/05/2020,-0.13699999999999998,EUR6M
14/05/2020,0.8836,GBP
14/05/2020,115.853,JPY
14/05/2020,10.9618,NOK
14/05/2020,1.0803,USD
14/06/2019,-0.368,EONIA
14/06/2019,-0.171,EUR12M
14/06/2019,-0.378,EUR1M
14/06/2019,-0.393,EUR1W
14/06/2019,-0.318,EUR3M
14/06/2019,-0.261,EUR6M
14/08/2019,-0.361,EONIA
14/08/2019,-0.35,EUR12M
14/08/2019,-0.403,EUR1M
14/08/2019,-0.404,EUR1W
14/08/2019,-0.406,EUR3M
14/08/2019,-0.406,EUR6M
14/10/2019,-0.464,EONIA
14/10/2019,-0.301,EUR12M
14/10/2019,-0.468,EUR1M
14/10/2019,-0.504,EUR1W
14/10/2019,-0.416,EUR3M
14/10/2019,-0.353,EUR6M
14/11/2019,-0.451,EONIA
14/11/2019,-0.266,EUR12M
14/11/2019,-0.455,EUR1M
14/11/2019,-0.478,EUR1W
14/11/2019,-0.399,EUR3M
14/11/2019,-0.33,EUR6M
15/01/2019,-0.369,EONIA
15/01/2019,-0.117,EUR12M
15/01/2019,-0.369,EUR1M
15/01/2019,-0.377,EUR1W
15/01/2019,-0.308,EUR3M
15/01/2019,-0.236,EUR6M
15/01/2020,1.0747,CHF
15/01/2020,-0.453,EONIA
15/01/2020,-0.252,EUR12M
15/01/2020,-0.458,EUR1M
15/01/2020,-0.505,EUR1W
15/01/2020,-0.393,EUR3M
15/01/2020,-0.334,EUR6M
15/01/2020,0.8548,GBP
15/01/2020,122.53399999999999,JPY
15/01/2020,9.8803,NOK
15/01/2020,1.1152,USD
15/02/2019,-0.369,EONIA
15/02/2019,-0.108,EUR12M
15/02/2019,-0.368,EUR1M
15/02/2019,-0.3720000000000001,EUR1W
15/02/2019,-0.308,EUR3M
15/02/2019,-0.232,EUR6M
15/03/2019,-0.366,EONIA
15/03/2019,-0.109,EUR12M
15/03/2019,-0.368,EUR1M
15/03/2019,-0.376,EUR1W
15/03/2019,-0.309,EUR3M
15/03/2019,-0.232,EUR6M
15/04/2019,-0.366,EONIA
15/04/2019,-0.111,EUR12M
15/04/2019,-0.3670000000000001,EUR1M
15/04/2019,-0.378,EUR1W
15/04/2019,-0.31,EUR3M
15/04/2019,-0.231,EUR6M
15/04/2020,1.0523,CHF
15/04/2020,-0.45,EONIA
15/04/2020,-0.11,EUR12M
15/04/2020,-0.422,EUR1M
15/04/2020,-0.525,EUR1W
15/04/2020,-0.25,EUR3M
15/04/2020,-0.196,EUR6M
15/04/2020,0.8705,GBP
15/04/2020,117.13,JPY
15/04/2020,11.4545,NOK
15/04/2020,1.0901,USD
15/05/2019,-0.368,EONIA
15/05/2019,-0.125,EUR12M
15/05/2019,-0.366,EUR1M
15/05/2019,-0.379,EUR1W
15/05/2019,-0.311,EUR3M
15/05/2019,-0.235,EUR6M
15/05/2020,1.0511,CHF
15/05/2020,-0.078,EUR12M
15/05/2020,-0.467,EUR1M
15/05/2020,-0.512,EUR1W
15/05/2020,-0.266,EUR3M
15/05/2020,-0.131,EUR6M
15/05/2020,0.8939,GBP
15/05/2020,115.94200000000001,JPY
15/05/2020,11.0608,NOK
15/05/2020,1.0818,USD
15/07/2019,-0.368,EONIA
15/07/2019,-0.287,EUR12M
15/07/2019,-0.393,EUR1M
15/07/2019,-0.401,EUR1W
15/07/2019,-0.363,EUR3M
15/07/2019,-0.343,EUR6M
15/08/2019,-0.362,EONIA
15/08/2019,-0.353,EUR12M
15/08/2019,-0.404,EUR1M
15/08/2019,-0.413,EUR1W
15/08/2019,-0.404,EUR3M
15/08/2019,-0.409,EUR6M
15/10/2019,-0.466,EONIA
15/10/2019,-0.303,EUR12M
15/10/2019,-0.458,EUR1M
15/10/2019,-0.487,EUR1W
15/10/2019,-0.418,EUR3M
15/10/2019,-0.358,EUR6M
15/11/2019,-0.456,EONIA
15/11/2019,-0.269,EUR12M
15/11/2019,-0.45,EUR1M
15/11/2019,-0.468,EUR1W
15/11/2019,-0.404,EUR3M
15/11/2019,-0.333,EUR6M
16/01/2019,-0.37,EONIA
16/01/2019,-0.117,EUR12M
16/01/2019,-0.369,EUR1M
16/01/2019,-0.378,EUR1W
16/01/2019,-0.308,EUR3M
16/01/2019,-0.236,EUR6M
16/01/2020,1.0744,CHF
16/01/2020,-0.451,EONIA
16/01/2020,-0.251,EUR12M
16/01/2020,-0.466,EUR1M
16/01/2020,-0.51,EUR1W
16/01/2020,-0.393,EUR3M
16/01/2020,-0.33,EUR6M
16/01/2020,0.8517,GBP
16/01/2020,122.699,JPY
16/01/2020,9.8967,NOK
16/01/2020,1.1137,USD
16/03/2020,1.0574,CHF
16/03/2020,-0.451,EONIA
16/03/2020,-0.268,EUR12M
16/03/2020,-0.488,EUR1M
16/03/2020,-0.507,EUR1W
16/03/2020,-0.41,EUR3M
16/03/2020,-0.3720000000000001,EUR6M
16/03/2020,0.9103,GBP
16/03/2020,118.70200000000001,JPY
16/03/2020,11.4841,NOK
16/03/2020,1.1168,USD
16/04/2019,-0.366,EONIA
16/04/2019,-0.112,EUR12M
16/04/2019,-0.3670000000000001,EUR1M
16/04/2019,-0.378,EUR1W
16/04/2019,-0.31,EUR3M
16/04/2019,-0.232,EUR6M
16/04/2020,1.0523,CHF
16/04/2020,-0.449,EONIA
16/04/2020,-0.098,EUR12M
16/04/2020,-0.438,EUR1M
16/04/2020,-0.516,EUR1W
16/04/2020,-0.224,EUR3M
16/04/2020,-0.187,EUR6M
16/04/2020,0.8701,GBP
16/04/2020,117.245,JPY
16/04/2020,11.2914,NOK
16/04/2020,1.0859999999999999,USD
16/05/2019,-0.371,EONIA
16/05/2019,-0.128,EUR12M
16/05/2019,-0.366,EUR1M
16/05/2019,-0.379,EUR1W
16/05/2019,-0.312,EUR3M
16/05/2019,-0.237,EUR6M
16/07/2019,-0.37,EONIA
16/07/2019,-0.28600000000000003,EUR12M
16/07/2019,-0.395,EUR1M
16/07/2019,-0.398,EUR1W
16/07/2019,-0.3670000000000001,EUR3M
16/07/2019,-0.35,EUR6M
16/08/2019,-0.364,EONIA
16/08/2019,-0.385,EUR12M
16/08/2019,-0.423,EUR1M
16/08/2019,-0.403,EUR1W
16/08/2019,-0.42,EUR3M
16/08/2019,-0.4270000000000001,EUR6M
16/09/2019,-0.3670000000000001,EONIA
16/09/2019,-0.309,EUR12M
16/09/2019,-0.449,EUR1M
16/09/2019,-0.458,EUR1W
16/09/2019,-0.394,EUR3M
16/09/2019,-0.361,EUR6M
16/10/2019,-0.463,EONIA
16/10/2019,-0.299,EUR12M
16/10/2019,-0.458,EUR1M
16/10/2019,-0.498,EUR1W
16/10/2019,-0.41,EUR3M
16/10/2019,-0.354,EUR6M
16/12/2019,-0.458,EONIA
16/12/2019,-0.262,EUR12M
16/12/2019,-0.466,EUR1M
16/12/2019,-0.501,EUR1W
16/12/2019,-0.396,EUR3M
16/12/2019,-0.34,EUR6M
17/01/2019,-0.369,EONIA
17/01/2019,-0.118,EUR12M
17/01/2019,-0.368,EUR1M
17/01/2019,-0.379,EUR1W
17/01/2019,-0.308,EUR3M
17/01/2019,-0.236,EUR6M
17/01/2020,1.0728,CHF
17/01/2020,-0.452,EONIA
17/01/2020,-0.242,EUR12M
17/01/2020,-0.462,EUR1M
17/01/2020,-0.505,EUR1W
17/01/2020,-0.391,EUR3M
17/01/2020,-0.332,EUR6M
17/01/2020,0.8524,GBP
17/01/2020,122.16,JPY
17/01/2020,9.8782,NOK
17/01/2020,1.1088,USD
17/02/2020,1.0627,CHF
17/02/2020,-0.456,EONIA
17/02/2020,-0.294,EUR12M
17/02/2020,-0.48,EUR1M
17/02/2020,-0.504,EUR1W
17/02/2020,-0.413,EUR3M
17/02/2020,-0.353,EUR6M
17/02/2020,0.8333,GBP
17/02/2020,119.051,JPY
17/02/2020,10.0222,NOK
17/02/2020,1.0836,USD
17/03/2020,1.0571,CHF
17/03/2020,-0.446,EONIA
17/03/2020,-0.263,EUR12M
17/03/2020,-0.495,EUR1M
17/03/2020,-0.513,EUR1W
17/03/2020,-0.408,EUR3M
17/03/2020,-0.373,EUR6M
17/03/2020,0.912,GBP
17/03/2020,118.177,JPY
17/03/2020,11.5489,NOK
17/03/2020,1.1015,USD
17/04/2019,-0.369,EONIA
17/04/2019,-0.112,EUR12M
17/04/2019,-0.368,EUR1M
17/04/2019,-0.378,EUR1W
17/04/2019,-0.311,EUR3M
17/04/2019,-0.232,EUR6M
17/04/2020,1.0514,CHF
17/04/2020,-0.453,EONIA
17/04/2020,-0.105,EUR12M
17/04/2020,-0.434,EUR1M
17/04/2020,-0.518,EUR1W
17/04/2020,-0.243,EUR3M
17/04/2020,-0.195,EUR6M
17/04/2020,0.8694,GBP
17/04/2020,116.961,JPY
17/04/2020,11.2179,NOK
17/04/2020,1.0874,USD
17/05/2019,-0.37,EONIA
17/05/2019,-0.133,EUR12M
17/05/2019,-0.368,EUR1M
17/05/2019,-0.379,EUR1W
17/05/2019,-0.313,EUR3M
17/05/2019,-0.24,EUR6M
17/06/2019,-0.369,EONIA
17/06/2019,-0.177,EUR12M
17/06/2019,-0.385,EUR1M
17/06/2019,-0.395,EUR1W
17/06/2019,-0.32,EUR3M
17/06/2019,-0.268,EUR6M
17/07/2019,-0.37,EONIA
17/07/2019,-0.298,EUR12M
17/07/2019,-0.397,EUR1M
17/07/2019,-0.4,EUR1W
17/07/2019,-0.369,EUR3M
17/07/2019,-0.35700000000000004,EUR6M
17/09/2019,-0.3670000000000001,EONIA
17/09/2019,-0.304,EUR12M
17/09/2019,-0.447,EUR1M
17/09/2019,-0.468,EUR1W
17/09/2019,-0.398,EUR3M
17/09/2019,-0.365,EUR6M
17/10/2019,-0.463,EONIA
17/10/2019,-0.294,EUR12M
17/10/2019,-0.448,EUR1M
17/10/2019,-0.499,EUR1W
17/10/2019,-0.41,EUR3M
17/10/2019,-0.349,EUR6M
17/12/2019,-0.451,EONIA
17/12/2019,-0.263,EUR12M
17/12/2019,-0.465,EUR1M
17/12/2019,-0.4970000000000001,EUR1W
17/12/2019,-0.4,EUR3M
17/12/2019,-0.342,EUR6M
18/01/2019,-0.371,EONIA
18/01/2019,-0.116,EUR12M
18/01/2019,-0.368,EUR1M
18/01/2019,-0.378,EUR1W
18/01/2019,-0.308,EUR3M
18/01/2019,-0.235,EUR6M
18/02/2019,-0.371,EONIA
18/02/2019,-0.108,EUR12M
18/02/2019,-0.368,EUR1M
18/02/2019,-0.3720000000000001,EUR1W
18/02/2019,-0.308,EUR3M
18/02/2019,-0.232,EUR6M
18/02/2020,1.0609,CHF
18/02/2020,-0.451,EONIA
18/02/2020,-0.292,EUR12M
18/02/2020,-0.48,EUR1M
18/02/2020,-0.523,EUR1W
18/02/2020,-0.403,EUR3M
18/02/2020,-0.358,EUR6M
18/02/2020,0.8302,GBP
18/02/2020,118.595,JPY
18/02/2020,10.0691,NOK
18/02/2020,1.0794,USD
18/03/2019,-0.369,EONIA
18/03/2019,-0.109,EUR12M
18/03/2019,-0.3670000000000001,EUR1M
18/03/2019,-0.376,EUR1W
18/03/2019,-0.31,EUR3M
18/03/2019,-0.231,EUR6M
18/03/2020,1.0571,CHF
18/03/2020,-0.444,EONIA
18/03/2020,-0.253,EUR12M
18/03/2020,-0.478,EUR1M
18/03/2020,-0.501,EUR1W
18/03/2020,-0.408,EUR3M
18/03/2020,-0.36,EUR6M
18/03/2020,0.9389,GBP
18/03/2020,118.096,JPY
18/03/2020,12.2653,NOK
18/03/2020,1.0933,USD
18/04/2019,-0.366,EONIA
18/04/2019,-0.112,EUR12M
18/04/2019,-0.368,EUR1M
18/04/2019,-0.378,EUR1W
18/04/2019,-0.311,EUR3M
18/04/2019,-0.232,EUR6M
18/06/2019,-0.368,EONIA
18/06/2019,-0.184,EUR12M
18/06/2019,-0.388,EUR1M
18/06/2019,-0.398,EUR1W
18/06/2019,-0.322,EUR3M
18/06/2019,-0.276,EUR6M
18/07/2019,-0.368,EONIA
18/07/2019,-0.303,EUR12M
18/07/2019,-0.399,EUR1M
18/07/2019,-0.401,EUR1W
18/07/2019,-0.37,EUR3M
18/07/2019,-0.353,EUR6M
18/09/2019,-0.457,EONIA
18/09/2019,-0.306,EUR12M
18/09/2019,-0.438,EUR1M
18/09/2019,-0.485,EUR1W
18/09/2019,-0.396,EUR3M
18/09/2019,-0.369,EUR6M
18/10/2019,-0.462,EONIA
18/10/2019,-0.298,EUR12M
18/10/2019,-0.438,EUR1M
18/10/2019,-0.488,EUR1W
18/10/2019,-0.407,EUR3M
18/10/2019,-0.35100000000000003,EUR6M
18/11/2019,-0.456,EONIA
18/11/2019,-0.267,EUR12M
18/11/2019,-0.455,EUR1M
18/11/2019,-0.488,EUR1W
18/11/2019,-0.403,EUR3M
18/11/2019,-0.338,EUR6M
18/12/2019,-0.455,EONIA
18/12/2019,-0.269,EUR12M
18/12/2019,-0.461,EUR1M
18/12/2019,-0.491,EUR1W
18/12/2019,-0.403,EUR3M
18/12/2019,-0.348,EUR6M
19/02/2019,-0.369,EONIA
19/02/2019,-0.108,EUR12M
19/02/2019,-0.3670000000000001,EUR1M
19/02/2019,-0.3720000000000001,EUR1W
19/02/2019,-0.308,EUR3M
19/02/2019,-0.232,EUR6M
19/02/2020,1.0628,CHF
19/02/2020,-0.453,EONIA
19/02/2020,-0.28800000000000003,EUR12M
19/02/2020,-0.467,EUR1M
19/02/2020,-0.509,EUR1W
19/02/2020,-0.402,EUR3M
19/02/2020,-0.353,EUR6M
19/02/2020,0.8363,GBP
19/02/2020,120.234,JPY
19/02/2020,10.0194,NOK
19/02/2020,1.0808,USD
19/03/2019,-0.368,EONIA
19/03/2019,-0.109,EUR12M
19/03/2019,-0.3670000000000001,EUR1M
19/03/2019,-0.375,EUR1W
19/03/2019,-0.31,EUR3M
19/03/2019,-0.232,EUR6M
19/03/2020,1.0539,CHF
19/03/2020,-0.441,EONIA
19/03/2020,-0.221,EUR12M
19/03/2020,-0.474,EUR1M
19/03/2020,-0.503,EUR1W
19/03/2020,-0.393,EUR3M
19/03/2020,-0.345,EUR6M
19/03/2020,0.9324,GBP
19/03/2020,118.21799999999999,JPY
19/03/2020,11.9625,NOK
19/03/2020,1.0663,USD
19/06/2019,-0.379,EONIA
19/06/2019,-0.208,EUR12M
19/06/2019,-0.391,EUR1M
19/06/2019,-0.398,EUR1W
19/06/2019,-0.336,EUR3M
19/06/2019,-0.299,EUR6M
19/07/2019,-0.369,EONIA
19/07/2019,-0.308,EUR12M
19/07/2019,-0.403,EUR1M
19/07/2019,-0.4,EUR1W
19/07/2019,-0.375,EUR3M
19/07/2019,-0.354,EUR6M
19/08/2019,-0.364,EONIA
19/08/2019,-0.398,EUR12M
19/08/2019,-0.409,EUR1M
19/08/2019,-0.403,EUR1W
19/08/2019,-0.422,EUR3M
19/08/2019,-0.423,EUR6M
19/09/2019,-0.456,EONIA
19/09/2019,-0.303,EUR12M
19/09/2019,-0.45,EUR1M
19/09/2019,-0.4920000000000001,EUR1W
19/09/2019,-0.396,EUR3M
19/09/2019,-0.368,EUR6M
19/11/2019,-0.457,EONIA
19/11/2019,-0.271,EUR12M
19/11/2019,-0.456,EUR1M
19/11/2019,-0.481,EUR1W
19/11/2019,-0.408,EUR3M
19/11/2019,-0.336,EUR6M
19/12/2019,-0.455,EONIA
19/12/2019,-0.262,EUR12M
19/12/2019,-0.453,EUR1M
19/12/2019,-0.486,EUR1W
19/12/2019,-0.398,EUR3M
19/12/2019,-0.342,EUR6M
20/01/2020,1.0741,CHF
20/01/2020,-0.453,EONIA
20/01/2020,-0.244,EUR12M
20/01/2020,-0.463,EUR1M
20/01/2020,-0.501,EUR1W
20/01/2020,-0.392,EUR3M
20/01/2020,-0.333,EUR6M
20/01/2020,0.853,GBP
20/01/2020,122.25299999999999,JPY
20/01/2020,9.8999,NOK
20/01/2020,1.1096,USD
20/02/2019,-0.37,EONIA
20/02/2019,-0.108,EUR12M
20/02/2019,-0.3670000000000001,EUR1M
20/02/2019,-0.373,EUR1W
20/02/2019,-0.308,EUR3M
20/02/2019,-0.231,EUR6M
20/02/2020,1.0614,CHF
20/02/2020,-0.453,EONIA
20/02/2020,-0.294,EUR12M
20/02/2020,-0.483,EUR1M
20/02/2020,-0.521,EUR1W
20/02/2020,-0.41,EUR3M
20/02/2020,-0.358,EUR6M
20/02/2020,0.8374,GBP
20/02/2020,120.882,JPY
20/02/2020,10.0475,NOK
20/02/2020,1.0787,USD
20/03/2019,-0.371,EONIA
20/03/2019,-0.109,EUR12M
20/03/2019,-0.3670000000000001,EUR1M
20/03/2019,-0.377,EUR1W
20/03/2019,-0.309,EUR3M
20/03/2019,-0.231,EUR6M
20/03/2020,1.0538,CHF
20/03/2020,-0.439,EONIA
20/03/2020,-0.18600000000000005,EUR12M
20/03/2020,-0.45,EUR1M
20/03/2020,-0.496,EUR1W
20/03/2020,-0.371,EUR3M
20/03/2020,-0.313,EUR6M
20/03/2020,0.9178,GBP
20/03/2020,118.57799999999999,JPY
20/03/2020,12.6872,NOK
20/03/2020,1.0693,USD
20/04/2020,1.0516,CHF
20/04/2020,-0.456,EONIA
20/04/2020,-0.091,EUR12M
20/04/2020,-0.433,EUR1M
20/04/2020,-0.515,EUR1W
20/04/2020,-0.246,EUR3M
20/04/2020,-0.185,EUR6M
20/04/2020,0.873,GBP
20/04/2020,117.021,JPY
20/04/2020,11.3302,NOK
20/04/2020,1.0864,USD
20/05/2019,-0.37,EONIA
20/05/2019,-0.135,EUR12M
20/05/2019,-0.368,EUR1M
20/05/2019,-0.379,EUR1W
20/05/2019,-0.314,EUR3M
20/05/2019,-0.241,EUR6M
20/06/2019,-0.374,EONIA
20/06/2019,-0.211,EUR12M
20/06/2019,-0.396,EUR1M
20/06/2019,-0.4,EUR1W
20/06/2019,-0.338,EUR3M
20/06/2019,-0.303,EUR6M
20/08/2019,-0.363,EONIA
20/08/2019,-0.395,EUR12M
20/08/2019,-0.405,EUR1M
20/08/2019,-0.406,EUR1W
20/08/2019,-0.421,EUR3M
20/08/2019,-0.425,EUR6M
20/09/2019,-0.458,EONIA
20/09/2019,-0.298,EUR12M
20/09/2019,-0.454,EUR1M
20/09/2019,-0.494,EUR1W
20/09/2019,-0.393,EUR3M
20/09/2019,-0.358,EUR6M
20/11/2019,-0.426,EONIA
20/11/2019,-0.273,EUR12M
20/11/2019,-0.45,EUR1M
20/11/2019,-0.482,EUR1W
20/11/2019,-0.406,EUR3M
20/11/2019,-0.338,EUR6M
20/12/2019,-0.455,EONIA
20/12/2019,-0.253,EUR12M
20/12/2019,-0.449,EUR1M
20/12/2019,-0.477,EUR1W
20/12/2019,-0.388,EUR3M
20/12/2019,-0.33,EUR6M
21/01/2019,-0.369,EONIA
21/01/2019,-0.115,EUR12M
21/01/2019,-0.368,EUR1M
21/01/2019,-0.376,EUR1W
21/01/2019,-0.308,EUR3M
21/01/2019,-0.236,EUR6M
21/01/2020,1.0731,CHF
21/01/2020,-0.45,EONIA
21/01/2020,-0.243,EUR12M
21/01/2020,-0.47,EUR1M
21/01/2020,-0.5,EUR1W
21/01/2020,-0.392,EUR3M
21/01/2020,-0.334,EUR6M
21/01/2020,0.8493,GBP
21/01/2020,121.743,JPY
21/01/2020,9.9648,NOK
21/01/2020,1.1082,USD
21/02/2019,-0.37,EONIA
21/02/2019,-0.108,EUR12M
21/02/2019,-0.368,EUR1M
21/02/2019,-0.374,EUR1W
21/02/2019,-0.31,EUR3M
21/02/2019,-0.231,EUR6M
21/02/2020,1.0611,CHF
21/02/2020,-0.454,EONIA
21/02/2020,-0.287,EUR12M
21/02/2020,-0.478,EUR1M
21/02/2020,-0.517,EUR1W
21/02/2020,-0.415,EUR3M
21/02/2020,-0.35600000000000004,EUR6M
21/02/2020,0.8371,GBP
21/02/2020,121.03200000000001,JPY
21/02/2020,10.0712,NOK
21/02/2020,1.0847,USD
21/03/2019,-0.371,EONIA
21/03/2019,-0.108,EUR12M
21/03/2019,-0.3670000000000001,EUR1M
21/03/2019,-0.378,EUR1W
21/03/2019,-0.309,EUR3M
21/03/2019,-0.229,EUR6M
21/04/2020,1.0527,CHF
21/04/2020,-0.456,EONIA
21/04/2020,-0.078,EUR12M
21/04/2020,-0.425,EUR1M
21/04/2020,-0.516,EUR1W
21/04/2020,-0.233,EUR3M
21/04/2020,-0.17800000000000002,EUR6M
21/04/2020,0.8825,GBP
21/04/2020,116.94,JPY
21/04/2020,11.5406,NOK
21/04/2020,1.0854,USD
21/05/2019,-0.371,EONIA
21/05/2019,-0.145,EUR12M
21/05/2019,-0.371,EUR1M
21/05/2019,-0.382,EUR1W
21/05/2019,-0.313,EUR3M
21/05/2019,-0.244,EUR6M
21/06/2019,-0.368,EONIA
21/06/2019,-0.212,EUR12M
21/06/2019,-0.398,EUR1M
21/06/2019,-0.4,EUR1W
21/06/2019,-0.344,EUR3M
21/06/2019,-0.308,EUR6M
21/08/2019,-0.369,EONIA
21/08/2019,-0.399,EUR12M
21/08/2019,-0.409,EUR1M
21/08/2019,-0.4,EUR1W
21/08/2019,-0.423,EUR3M
21/08/2019,-0.424,EUR6M
21/10/2019,-0.464,EONIA
21/10/2019,-0.294,EUR12M
21/10/2019,-0.438,EUR1M
21/10/2019,-0.493,EUR1W
21/10/2019,-0.408,EUR3M
21/10/2019,-0.349,EUR6M
21/11/2019,-0.457,EONIA
21/11/2019,-0.28,EUR12M
21/11/2019,-0.459,EUR1M
21/11/2019,-0.48,EUR1W
21/11/2019,-0.408,EUR3M
21/11/2019,-0.34,EUR6M
22/01/2019,-0.368,EONIA
22/01/2019,-0.115,EUR12M
22/01/2019,-0.368,EUR1M
22/01/2019,-0.376,EUR1W
22/01/2019,-0.308,EUR3M
22/01/2019,-0.237,EUR6M
22/01/2020,1.0737,CHF
22/01/2020,-0.451,EONIA
22/01/2020,-0.242,EUR12M
22/01/2020,-0.466,EUR1M
22/01/2020,-0.503,EUR1W
22/01/2020,-0.39,EUR3M
22/01/2020,-0.329,EUR6M
22/01/2020,0.8442,GBP
22/01/2020,121.818,JPY
22/01/2020,9.9606,NOK
22/01/2020,1.1092,USD
22/02/2019,-0.368,EONIA
22/02/2019,-0.108,EUR12M
22/02/2019,-0.3670000000000001,EUR1M
22/02/2019,-0.375,EUR1W
22/02/2019,-0.31,EUR3M
22/02/2019,-0.231,EUR6M
22/03/2019,-0.369,EONIA
22/03/2019,-0.108,EUR12M
22/03/2019,-0.3670000000000001,EUR1M
22/03/2019,-0.379,EUR1W
22/03/2019,-0.309,EUR3M
22/03/2019,-0.228,EUR6M
22/04/2020,1.0515,CHF
22/04/2020,-0.454,EONIA
22/04/2020,-0.053,EUR12M
22/04/2020,-0.418,EUR1M
22/04/2020,-0.514,EUR1W
22/04/2020,-0.19,EUR3M
22/04/2020,-0.124,EUR6M
22/04/2020,0.8768,GBP
22/04/2020,116.67,JPY
22/04/2020,11.6502,NOK
22/04/2020,1.0823,USD
22/05/2019,-0.37,EONIA
22/05/2019,-0.145,EUR12M
22/05/2019,-0.371,EUR1M
22/05/2019,-0.38,EUR1W
22/05/2019,-0.311,EUR3M
22/05/2019,-0.242,EUR6M
22/07/2019,-0.369,EONIA
22/07/2019,-0.307,EUR12M
22/07/2019,-0.406,EUR1M
22/07/2019,-0.401,EUR1W
22/07/2019,-0.374,EUR3M
22/07/2019,-0.361,EUR6M
22/08/2019,-0.361,EONIA
22/08/2019,-0.386,EUR12M
22/08/2019,-0.415,EUR1M
22/08/2019,-0.396,EUR1W
22/08/2019,-0.418,EUR3M
22/08/2019,-0.418,EUR6M
22/10/2019,-0.463,EONIA
22/10/2019,-0.284,EUR12M
22/10/2019,-0.444,EUR1M
22/10/2019,-0.482,EUR1W
22/10/2019,-0.404,EUR3M
22/10/2019,-0.348,EUR6M
22/11/2019,-0.451,EONIA
22/11/2019,-0.277,EUR12M
22/11/2019,-0.445,EUR1M
22/11/2019,-0.47,EUR1W
22/11/2019,-0.403,EUR3M
22/11/2019,-0.335,EUR6M
23/01/2019,-0.368,EONIA
23/01/2019,-0.116,EUR12M
23/01/2019,-0.368,EUR1M
23/01/2019,-0.376,EUR1W
23/01/2019,-0.308,EUR3M
23/01/2019,-0.237,EUR6M
23/01/2020,1.0715,CHF
23/01/2020,-0.452,EONIA
23/01/2020,-0.247,EUR12M
23/01/2020,-0.467,EUR1M
23/01/2020,-0.498,EUR1W
23/01/2020,-0.386,EUR3M
23/01/2020,-0.32,EUR6M
23/01/2020,0.8424,GBP
23/01/2020,121.084,JPY
23/01/2020,9.9417,NOK
23/01/2020,1.1055,USD
23/03/2020,1.0563,CHF
23/03/2020,-0.44,EONIA
23/03/2020,-0.191,EUR12M
23/03/2020,-0.445,EUR1M
23/03/2020,-0.506,EUR1W
23/03/2020,-0.369,EUR3M
23/03/2020,-0.307,EUR6M
23/03/2020,0.9296,GBP
23/03/2020,119.242,JPY
23/03/2020,12.3549,NOK
23/03/2020,1.0745,USD
23/04/2019,-0.3670000000000001,EONIA
23/04/2019,-0.112,EUR12M
23/04/2019,-0.3670000000000001,EUR1M
23/04/2019,-0.378,EUR1W
23/04/2019,-0.311,EUR3M
23/04/2019,-0.23,EUR6M
23/04/2020,1.0519,CHF
23/04/2020,-0.454,EONIA
23/04/2020,-0.066,EUR12M
23/04/2020,-0.402,EUR1M
23/04/2020,-0.525,EUR1W
23/04/2020,-0.161,EUR3M
23/04/2020,-0.114,EUR6M
23/04/2020,0.8725,GBP
23/04/2020,115.979,JPY
23/04/2020,11.456,NOK
23/04/2020,1.078,USD
23/05/2019,-0.368,EONIA
23/05/2019,-0.14800000000000002,EUR12M
23/05/2019,-0.368,EUR1M
23/05/2019,-0.379,EUR1W
23/05/2019,-0.31,EUR3M
23/05/2019,-0.242,EUR6M
23/07/2019,-0.369,EONIA
23/07/2019,-0.311,EUR12M
23/07/2019,-0.407,EUR1M
23/07/2019,-0.405,EUR1W
23/07/2019,-0.373,EUR3M
23/07/2019,-0.362,EUR6M
23/08/2019,-0.361,EONIA
23/08/2019,-0.358,EUR12M
23/08/2019,-0.413,EUR1M
23/08/2019,-0.403,EUR1W
23/08/2019,-0.412,EUR3M
23/08/2019,-0.408,EUR6M
23/09/2019,-0.456,EONIA
23/09/2019,-0.302,EUR12M
23/09/2019,-0.45,EUR1M
23/09/2019,-0.499,EUR1W
23/09/2019,-0.4,EUR3M
23/09/2019,-0.363,EUR6M
23/10/2019,-0.462,EONIA
23/10/2019,-0.28800000000000003,EUR12M
23/10/2019,-0.443,EUR1M
23/10/2019,-0.4970000000000001,EUR1W
23/10/2019,-0.402,EUR3M
23/10/2019,-0.35100000000000003,EUR6M
23/12/2019,-0.46,EONIA
23/12/2019,-0.25,EUR12M
23/12/2019,-0.451,EUR1M
23/12/2019,-0.476,EUR1W
23/12/2019,-0.399,EUR3M
23/12/2019,-0.339,EUR6M
24/01/2019,-0.369,EONIA
24/01/2019,-0.115,EUR12M
24/01/2019,-0.3670000000000001,EUR1M
24/01/2019,-0.375,EUR1W
24/01/2019,-0.306,EUR3M
24/01/2019,-0.236,EUR6M
24/01/2020,1.071,CHF
24/01/2020,-0.452,EONIA
24/01/2020,-0.258,EUR12M
24/01/2020,-0.451,EUR1M
24/01/2020,-0.503,EUR1W
24/01/2020,-0.386,EUR3M
24/01/2020,-0.32299999999999995,EUR6M
24/01/2020,0.843,GBP
24/01/2020,120.5,JPY
24/01/2020,9.9749,NOK
24/01/2020,1.1025,USD
24/02/2020,1.0621,CHF
24/02/2020,-0.455,EONIA
24/02/2020,-0.284,EUR12M
24/02/2020,-0.477,EUR1M
24/02/2020,-0.508,EUR1W
24/02/2020,-0.414,EUR3M
24/02/2020,-0.35700000000000004,EUR6M
24/02/2020,0.8395,GBP
24/02/2020,120.09,JPY
24/02/2020,10.1545,NOK
24/02/2020,1.0852,USD
24/03/2020,1.0597,CHF
24/03/2020,-0.442,EONIA
24/03/2020,-0.189,EUR12M
24/03/2020,-0.457,EUR1M
24/03/2020,-0.506,EUR1W
24/03/2020,-0.373,EUR3M
24/03/2020,-0.306,EUR6M
24/03/2020,0.9171,GBP
24/03/2020,120.21600000000001,JPY
24/03/2020,11.9158,NOK
24/03/2020,1.081,USD
24/04/2019,-0.369,EONIA
24/04/2019,-0.112,EUR12M
24/04/2019,-0.368,EUR1M
24/04/2019,-0.38,EUR1W
24/04/2019,-0.312,EUR3M
24/04/2019,-0.231,EUR6M
24/04/2020,1.0528,CHF
24/04/2020,-0.454,EONIA
24/04/2020,-0.083,EUR12M
24/04/2020,-0.418,EUR1M
24/04/2020,-0.505,EUR1W
24/04/2020,-0.192,EUR3M
24/04/2020,-0.136,EUR6M
24/04/2020,0.8753,GBP
24/04/2020,116.35700000000001,JPY
24/04/2020,11.4826,NOK
24/04/2020,1.0824,USD
24/05/2019,-0.366,EONIA
24/05/2019,-0.14800000000000002,EUR12M
24/05/2019,-0.3720000000000001,EUR1M
24/05/2019,-0.379,EUR1W
24/05/2019,-0.311,EUR3M
24/05/2019,-0.241,EUR6M
24/06/2019,-0.359,EONIA
24/06/2019,-0.21,EUR12M
24/06/2019,-0.393,EUR1M
24/06/2019,-0.404,EUR1W
24/06/2019,-0.343,EUR3M
24/06/2019,-0.308,EUR6M
24/07/2019,-0.365,EONIA
24/07/2019,-0.321,EUR12M
24/07/2019,-0.401,EUR1M
24/07/2019,-0.417,EUR1W
24/07/2019,-0.376,EUR3M
24/07/2019,-0.368,EUR6M
24/09/2019,-0.454,EONIA
24/09/2019,-0.316,EUR12M
24/09/2019,-0.449,EUR1M
24/09/2019,-0.502,EUR1W
24/09/2019,-0.403,EUR3M
24/09/2019,-0.373,EUR6M
24/10/2019,-0.463,EONIA
24/10/2019,-0.28800000000000003,EUR12M
24/10/2019,-0.447,EUR1M
24/10/2019,-0.494,EUR1W
24/10/2019,-0.404,EUR3M
24/10/2019,-0.348,EUR6M
24/12/2019,-0.464,EONIA
24/12/2019,-0.248,EUR12M
24/12/2019,-0.452,EUR1M
24/12/2019,-0.513,EUR1W
24/12/2019,-0.398,EUR3M
24/12/2019,-0.331,EUR6M
25/01/2019,-0.369,EONIA
25/01/2019,-0.114,EUR12M
25/01/2019,-0.368,EUR1M
25/01/2019,-0.376,EUR1W
25/01/2019,-0.307,EUR3M
25/01/2019,-0.237,EUR6M
25/02/2019,-0.37,EONIA
25/02/2019,-0.108,EUR12M
25/02/2019,-0.366,EUR1M
25/02/2019,-0.374,EUR1W
25/02/2019,-0.309,EUR3M
25/02/2019,-0.23,EUR6M
25/02/2020,1.0616,CHF
25/02/2020,-0.454,EONIA
25/02/2020,-0.295,EUR12M
25/02/2020,-0.474,EUR1M
25/02/2020,-0.509,EUR1W
25/02/2020,-0.417,EUR3M
25/02/2020,-0.358,EUR6M
25/02/2020,0.8368,GBP
25/02/2020,119.90299999999999,JPY
25/02/2020,10.183,NOK
25/02/2020,1.088,USD
25/03/2019,-0.368,EONIA
25/03/2019,-0.108,EUR12M
25/03/2019,-0.368,EUR1M
25/03/2019,-0.38,EUR1W
25/03/2019,-0.31,EUR3M
25/03/2019,-0.228,EUR6M
25/03/2020,1.0632,CHF
25/03/2020,-0.442,EONIA
25/03/2020,-0.17600000000000002,EUR12M
25/03/2020,-0.458,EUR1M
25/03/2020,-0.4920000000000001,EUR1W
25/03/2020,-0.369,EUR3M
25/03/2020,-0.298,EUR6M
25/03/2020,0.9205,GBP
25/03/2020,120.786,JPY
25/03/2020,11.6361,NOK
25/03/2020,1.0881,USD
25/04/2019,-0.366,EONIA
25/04/2019,-0.112,EUR12M
25/04/2019,-0.368,EUR1M
25/04/2019,-0.378,EUR1W
25/04/2019,-0.312,EUR3M
25/04/2019,-0.23,EUR6M
25/06/2019,-0.37,EONIA
25/06/2019,-0.21,EUR12M
25/06/2019,-0.389,EUR1M
25/06/2019,-0.4,EUR1W
25/06/2019,-0.345,EUR3M
25/06/2019,-0.311,EUR6M
25/07/2019,-0.361,EONIA
25/07/2019,-0.318,EUR12M
25/07/2019,-0.401,EUR1M
25/07/2019,-0.413,EUR1W
25/07/2019,-0.378,EUR3M
25/07/2019,-0.368,EUR6M
25/09/2019,-0.455,EONIA
25/09/2019,-0.325,EUR12M
25/09/2019,-0.453,EUR1M
25/09/2019,-0.508,EUR1W
25/09/2019,-0.41,EUR3M
25/09/2019,-0.375,EUR6M
25/10/2019,-0.463,EONIA
25/10/2019,-0.293,EUR12M
25/10/2019,-0.456,EUR1M
25/10/2019,-0.503,EUR1W
25/10/2019,-0.413,EUR3M
25/10/2019,-0.35,EUR6M
25/11/2019,-0.448,EONIA
25/11/2019,-0.28,EUR12M
25/11/2019,-0.451,EUR1M
25/11/2019,-0.494,EUR1W
25/11/2019,-0.404,EUR3M
25/11/2019,-0.338,EUR6M
26/02/2019,-0.3720000000000001,EONIA
26/02/2019,-0.108,EUR12M
26/02/2019,-0.368,EUR1M
26/02/2019,-0.373,EUR1W
26/02/2019,-0.31,EUR3M
26/02/2019,-0.23,EUR6M
26/02/2020,1.063,CHF
26/02/2020,-0.454,EONIA
26/02/2020,-0.306,EUR12M
26/02/2020,-0.479,EUR1M
26/02/2020,-0.509,EUR1W
26/02/2020,-0.423,EUR3M
26/02/2020,-0.371,EUR6M
26/02/2020,0.8432,GBP
26/02/2020,120.169,JPY
26/02/2020,10.2225,NOK
26/02/2020,1.0882,USD
26/03/2019,-0.368,EONIA
26/03/2019,-0.108,EUR12M
26/03/2019,-0.368,EUR1M
26/03/2019,-0.379,EUR1W
26/03/2019,-0.309,EUR3M
26/03/2019,-0.228,EUR6M
26/03/2020,1.0616,CHF
26/03/2020,-0.444,EONIA
26/03/2020,-0.14800000000000002,EUR12M
26/03/2020,-0.443,EUR1M
26/03/2020,-0.493,EUR1W
26/03/2020,-0.349,EUR3M
26/03/2020,-0.274,EUR6M
26/03/2020,0.9075,GBP
26/03/2020,120.65100000000001,JPY
26/03/2020,11.4725,NOK
26/03/2020,1.1034,USD
26/04/2019,-0.37,EONIA
26/04/2019,-0.113,EUR12M
26/04/2019,-0.3670000000000001,EUR1M
26/04/2019,-0.377,EUR1W
26/04/2019,-0.31,EUR3M
26/04/2019,-0.229,EUR6M
26/06/2019,-0.37,EONIA
26/06/2019,-0.211,EUR12M
26/06/2019,-0.388,EUR1M
26/06/2019,-0.403,EUR1W
26/06/2019,-0.343,EUR3M
26/06/2019,-0.311,EUR6M
26/07/2019,-0.366,EONIA
26/07/2019,-0.314,EUR12M
26/07/2019,-0.395,EUR1M
26/07/2019,-0.405,EUR1W
26/07/2019,-0.368,EUR3M
26/07/2019,-0.362,EUR6M
26/08/2019,-0.362,EONIA
26/08/2019,-0.364,EUR12M
26/08/2019,-0.423,EUR1M
26/08/2019,-0.401,EUR1W
26/08/2019,-0.418,EUR3M
26/08/2019,-0.415,EUR6M
26/09/2019,-0.457,EONIA
26/09/2019,-0.324,EUR12M
26/09/2019,-0.457,EUR1M
26/09/2019,-0.509,EUR1W
26/09/2019,-0.413,EUR3M
26/09/2019,-0.376,EUR6M
26/11/2019,-0.448,EONIA
26/11/2019,-0.279,EUR12M
26/11/2019,-0.451,EUR1M
26/11/2019,-0.499,EUR1W
26/11/2019,-0.399,EUR3M
26/11/2019,-0.338,EUR6M
27/01/2020,1.0679,CHF
27/01/2020,-0.453,EONIA
27/01/2020,-0.26,EUR12M
27/01/2020,-0.453,EUR1M
27/01/2020,-0.506,EUR1W
27/01/2020,-0.398,EUR3M
27/01/2020,-0.333,EUR6M
27/01/2020,0.8433,GBP
27/01/2020,119.99799999999999,JPY
27/01/2020,10.0693,NOK
27/01/2020,1.1018,USD
27/02/2019,-0.371,EONIA
27/02/2019,-0.108,EUR12M
27/02/2019,-0.368,EUR1M
27/02/2019,-0.373,EUR1W
27/02/2019,-0.31,EUR3M
27/02/2019,-0.229,EUR6M
27/02/2020,1.0654,CHF
27/02/2020,-0.453,EONIA
27/02/2020,-0.303,EUR12M
27/02/2020,-0.488,EUR1M
27/02/2020,-0.521,EUR1W
27/02/2020,-0.425,EUR3M
27/02/2020,-0.375,EUR6M
27/02/2020,0.8534,GBP
27/02/2020,120.529,JPY
27/02/2020,10.3334,NOK
27/02/2020,1.1002,USD
27/03/2019,-0.37,EONIA
27/03/2019,-0.109,EUR12M
27/03/2019,-0.368,EUR1M
27/03/2019,-0.378,EUR1W
27/03/2019,-0.309,EUR3M
27/03/2019,-0.227,EUR6M
27/03/2020,1.0595,CHF
27/03/2020,-0.445,EONIA
27/03/2020,-0.153,EUR12M
27/03/2020,-0.438,EUR1M
27/03/2020,-0.48,EUR1W
27/03/2020,-0.353,EUR3M
27/03/2020,-0.281,EUR6M
27/03/2020,0.8945,GBP
27/03/2020,120.22,JPY
27/03/2020,11.6822,NOK
27/03/2020,1.114,USD
27/04/2020,1.0563,CHF
27/04/2020,-0.454,EONIA
27/04/2020,-0.109,EUR12M
27/04/2020,-0.448,EUR1M
27/04/2020,-0.513,EUR1W
27/04/2020,-0.223,EUR3M
27/04/2020,-0.147,EUR6M
27/04/2020,0.8713,GBP
27/04/2020,116.141,JPY
27/04/2020,11.3556,NOK
27/04/2020,1.0829,USD
27/05/2019,-0.369,EONIA
27/05/2019,-0.14800000000000002,EUR12M
27/05/2019,-0.3720000000000001,EUR1M
27/05/2019,-0.38,EUR1W
27/05/2019,-0.311,EUR3M
27/05/2019,-0.24,EUR6M
27/06/2019,-0.365,EONIA
27/06/2019,-0.213,EUR12M
27/06/2019,-0.391,EUR1M
27/06/2019,-0.403,EUR1W
27/06/2019,-0.344,EUR3M
27/06/2019,-0.313,EUR6M
27/08/2019,-0.365,EONIA
27/08/2019,-0.369,EUR12M
27/08/2019,-0.416,EUR1M
27/08/2019,-0.402,EUR1W
27/08/2019,-0.418,EUR3M
27/08/2019,-0.415,EUR6M
27/09/2019,-0.452,EONIA
27/09/2019,-0.325,EUR12M
27/09/2019,-0.462,EUR1M
27/09/2019,-0.502,EUR1W
27/09/2019,-0.412,EUR3M
27/09/2019,-0.377,EUR6M
27/11/2019,-0.448,EONIA
27/11/2019,-0.278,EUR12M
27/11/2019,-0.448,EUR1M
27/11/2019,-0.499,EUR1W
27/11/2019,-0.4,EUR3M
27/11/2019,-0.342,EUR6M
27/12/2019,-0.457,EONIA
27/12/2019,-0.247,EUR12M
27/12/2019,-0.444,EUR1M
27/12/2019,-0.513,EUR1W
27/12/2019,-0.39,EUR3M
27/12/2019,-0.325,EUR6M
28/01/2019,-0.368,EONIA
28/01/2019,-0.112,EUR12M
28/01/2019,-0.368,EUR1M
28/01/2019,-0.377,EUR1W
28/01/2019,-0.307,EUR3M
28/01/2019,-0.237,EUR6M
28/01/2020,1.0724,CHF
28/01/2020,-0.451,EONIA
28/01/2020,-0.27,EUR12M
28/01/2020,-0.457,EUR1M
28/01/2020,-0.499,EUR1W
28/01/2020,-0.401,EUR3M
28/01/2020,-0.337,EUR6M
28/01/2020,0.8461,GBP
28/01/2020,120.387,JPY
28/01/2020,10.0416,NOK
28/01/2020,1.1022,USD
28/02/2019,-0.365,EONIA
28/02/2019,-0.108,EUR12M
28/02/2019,-0.368,EUR1M
28/02/2019,-0.373,EUR1W
28/02/2019,-0.309,EUR3M
28/02/2019,-0.229,EUR6M
28/02/2020,1.0646,CHF
28/02/2020,-0.455,EONIA
28/02/2020,-0.311,EUR12M
28/02/2020,-0.488,EUR1M
28/02/2020,-0.518,EUR1W
28/02/2020,-0.424,EUR3M
28/02/2020,-0.386,EUR6M
28/02/2020,0.86,GBP
28/02/2020,119.18799999999999,JPY
28/02/2020,10.3455,NOK
28/02/2020,1.1029,USD
28/03/2019,-0.366,EONIA
28/03/2019,-0.112,EUR12M
28/03/2019,-0.368,EUR1M
28/03/2019,-0.38,EUR1W
28/03/2019,-0.311,EUR3M
28/03/2019,-0.228,EUR6M
28/04/2020,1.0549,CHF
28/04/2020,-0.456,EONIA
28/04/2020,-0.114,EUR12M
28/04/2020,-0.4320000000000001,EUR1M
28/04/2020,-0.515,EUR1W
28/04/2020,-0.232,EUR3M
28/04/2020,-0.163,EUR6M
28/04/2020,0.871,GBP
28/04/2020,115.661,JPY
28/04/2020,11.2804,NOK
28/04/2020,1.0823,USD
28/05/2019,-0.37,EONIA
28/05/2019,-0.153,EUR12M
28/05/2019,-0.374,EUR1M
28/05/2019,-0.386,EUR1W
28/05/2019,-0.315,EUR3M
28/05/2019,-0.242,EUR6M
28/06/2019,-0.36,EONIA
28/06/2019,-0.214,EUR12M
28/06/2019,-0.388,EUR1M
28/06/2019,-0.403,EUR1W
28/06/2019,-0.345,EUR3M
28/06/2019,-0.311,EUR6M
28/08/2019,-0.369,EONIA
28/08/2019,-0.379,EUR12M
28/08/2019,-0.417,EUR1M
28/08/2019,-0.415,EUR1W
28/08/2019,-0.422,EUR3M
28/08/2019,-0.4270000000000001,EUR6M
28/10/2019,-0.463,EONIA
28/10/2019,-0.281,EUR12M
28/10/2019,-0.441,EUR1M
28/10/2019,-0.501,EUR1W
28/10/2019,-0.409,EUR3M
28/10/2019,-0.34600000000000003,EUR6M
28/11/2019,-0.446,EONIA
28/11/2019,-0.28300000000000003,EUR12M
28/11/2019,-0.439,EUR1M
28/11/2019,-0.476,EUR1W
28/11/2019,-0.397,EUR3M
28/11/2019,-0.34700000000000003,EUR6M
29/01/2019,-0.369,EONIA
29/01/2019,-0.109,EUR12M
29/01/2019,-0.368,EUR1M
29/01/2019,-0.377,EUR1W
29/01/2019,-0.306,EUR3M
29/01/2019,-0.237,EUR6M
29/01/2020,1.0717,CHF
29/01/2020,-0.455,EONIA
29/01/2020,-0.269,EUR12M
29/01/2020,-0.458,EUR1M
29/01/2020,-0.503,EUR1W
29/01/2020,-0.399,EUR3M
29/01/2020,-0.336,EUR6M
29/01/2020,0.8459,GBP
29/01/2020,120.02,JPY
29/01/2020,10.0902,NOK
29/01/2020,1.1009,USD
29/03/2019,-0.35600000000000004,EONIA
29/03/2019,-0.112,EUR12M
29/03/2019,-0.3670000000000001,EUR1M
29/03/2019,-0.38,EUR1W
29/03/2019,-0.311,EUR3M
29/03/2019,-0.228,EUR6M
29/04/2019,-0.369,EONIA
29/04/2019,-0.114,EUR12M
29/04/2019,-0.368,EUR1M
29/04/2019,-0.378,EUR1W
29/04/2019,-0.311,EUR3M
29/04/2019,-0.231,EUR6M
29/04/2020,1.0595,CHF
29/04/2020,-0.458,EONIA
29/04/2020,-0.131,EUR12M
29/04/2020,-0.465,EUR1M
29/04/2020,-0.507,EUR1W
29/04/2020,-0.261,EUR3M
29/04/2020,-0.16899999999999998,EUR6M
29/04/2020,0.8719,GBP
29/04/2020,115.919,JPY
29/04/2020,11.2171,NOK
29/04/2020,1.0875,USD
29/05/2019,-0.37,EONIA
29/05/2019,-0.158,EUR12M
29/05/2019,-0.374,EUR1M
29/05/2019,-0.385,EUR1W
29/05/2019,-0.317,EUR3M
29/05/2019,-0.245,EUR6M
29/07/2019,-0.368,EONIA
29/07/2019,-0.314,EUR12M
29/07/2019,-0.394,EUR1M
29/07/2019,-0.402,EUR1W
29/07/2019,-0.3670000000000001,EUR3M
29/07/2019,-0.35100000000000003,EUR6M
29/08/2019,-0.365,EONIA
29/08/2019,-0.375,EUR12M
29/08/2019,-0.43,EUR1M
29/08/2019,-0.411,EUR1W
29/08/2019,-0.428,EUR3M
29/08/2019,-0.423,EUR6M
29/10/2019,-0.46,EONIA
29/10/2019,-0.28,EUR12M
29/10/2019,-0.443,EUR1M
29/10/2019,-0.482,EUR1W
29/10/2019,-0.405,EUR3M
29/10/2019,-0.343,EUR6M
29/11/2019,-0.447,EONIA
29/11/2019,-0.273,EUR12M
29/11/2019,-0.4370000000000001,EUR1M
29/11/2019,-0.484,EUR1W
29/11/2019,-0.401,EUR3M
29/11/2019,-0.343,EUR6M
30/01/2019,-0.369,EONIA
30/01/2019,-0.109,EUR12M
30/01/2019,-0.368,EUR1M
30/01/2019,-0.376,EUR1W
30/01/2019,-0.308,EUR3M
30/01/2019,-0.236,EUR6M
30/01/2020,1.0696,CHF
30/01/2020,-0.454,EONIA
30/01/2020,-0.278,EUR12M
30/01/2020,-0.458,EUR1M
30/01/2020,-0.508,EUR1W
30/01/2020,-0.398,EUR3M
30/01/2020,-0.337,EUR6M
30/01/2020,0.8426,GBP
30/01/2020,120.17200000000001,JPY
30/01/2020,10.1296,NOK
30/01/2020,1.1031,USD
30/03/2020,1.0585,CHF
30/03/2020,-0.443,EONIA
30/03/2020,-0.163,EUR12M
30/03/2020,-0.436,EUR1M
30/03/2020,-0.472,EUR1W
30/03/2020,-0.353,EUR3M
30/03/2020,-0.28,EUR6M
30/03/2020,0.8911,GBP
30/03/2020,119.22,JPY
30/03/2020,11.6151,NOK
30/03/2020,1.1041,USD
30/04/2019,-0.359,EONIA
30/04/2019,-0.114,EUR12M
30/04/2019,-0.3670000000000001,EUR1M
30/04/2019,-0.377,EUR1W
30/04/2019,-0.31,EUR3M
30/04/2019,-0.231,EUR6M
30/04/2020,1.0575,CHF
30/04/2020,-0.446,EONIA
30/04/2020,-0.118,EUR12M
30/04/2020,-0.46,EUR1M
30/04/2020,-0.503,EUR1W
30/04/2020,-0.273,EUR3M
30/04/2020,-0.17,EUR6M
30/04/2020,0.8696,GBP
30/04/2020,117.226,JPY
30/04/2020,11.2276,NOK
30/04/2020,1.0943,USD
30/05/2019,-0.3720000000000001,EONIA
30/05/2019,-0.163,EUR12M
30/05/2019,-0.376,EUR1M
30/05/2019,-0.387,EUR1W
30/05/2019,-0.32,EUR3M
30/05/2019,-0.247,EUR6M
30/07/2019,-0.365,EONIA
30/07/2019,-0.301,EUR12M
30/07/2019,-0.392,EUR1M
30/07/2019,-0.402,EUR1W
30/07/2019,-0.374,EUR3M
30/07/2019,-0.355,EUR6M
30/08/2019,-0.359,EONIA
30/08/2019,-0.383,EUR12M
30/08/2019,-0.4270000000000001,EUR1M
30/08/2019,-0.403,EUR1W
30/08/2019,-0.433,EUR3M
30/08/2019,-0.428,EUR6M
30/09/2019,-0.451,EONIA
30/09/2019,-0.33,EUR12M
30/09/2019,-0.457,EUR1M
30/09/2019,-0.499,EUR1W
30/09/2019,-0.418,EUR3M
30/09/2019,-0.386,EUR6M
30/10/2019,-0.46,EONIA
30/10/2019,-0.276,EUR12M
30/10/2019,-0.44,EUR1M
30/10/2019,-0.484,EUR1W
30/10/2019,-0.401,EUR3M
30/10/2019,-0.339,EUR6M
30/12/2019,1.0853,CHF
30/12/2019,-0.456,EONIA
30/12/2019,-0.24,EUR12M
30/12/2019,-0.447,EUR1M
30/12/2019,-0.49,EUR1W
30/12/2019,-0.388,EUR3M
30/12/2019,-0.325,EUR6M
30/12/2019,0.8536,GBP
30/12/2019,121.959,JPY
30/12/2019,9.874,NOK
30/12/2019,1.1199,USD
31/01/2019,-0.35700000000000004,EONIA
31/01/2019,-0.109,EUR12M
31/01/2019,-0.368,EUR1M
31/01/2019,-0.376,EUR1W
31/01/2019,-0.308,EUR3M
31/01/2019,-0.236,EUR6M
31/01/2020,1.0683,CHF
31/01/2020,-0.454,EONIA
31/01/2020,-0.284,EUR12M
31/01/2020,-0.454,EUR1M
31/01/2020,-0.506,EUR1W
31/01/2020,-0.393,EUR3M
31/01/2020,-0.338,EUR6M
31/01/2020,0.84,GBP
31/01/2020,120.2,JPY
31/01/2020,10.2152,NOK
31/01/2020,1.1092,USD
31/03/2020,1.0603,CHF
31/03/2020,-0.4370000000000001,EONIA
31/03/2020,-0.171,EUR12M
31/03/2020,-0.423,EUR1M
31/03/2020,-0.511,EUR1W
31/03/2020,-0.363,EUR3M
31/03/2020,-0.287,EUR6M
31/03/2020,0.8891,GBP
31/03/2020,118.779,JPY
31/03/2020,11.4808,NOK
31/03/2020,1.1023,USD
31/05/2019,-0.359,EONIA
31/05/2019,-0.168,EUR12M
31/05/2019,-0.378,EUR1M
31/05/2019,-0.392,EUR1W
31/05/2019,-0.322,EUR3M
31/05/2019,-0.25,EUR6M
31/07/2019,-0.358,EONIA
31/07/2019,-0.303,EUR12M
31/07/2019,-0.392,EUR1M
31/07/2019,-0.407,EUR1W
31/07/2019,-0.375,EUR3M
31/07/2019,-0.362,EUR6M
31/10/2019,-0.458,EONIA
31/10/2019,-0.273,EUR12M
31/10/2019,-0.4370000000000001,EUR1M
31/10/2019,-0.48,EUR1W
31/10/2019,-0.394,EUR3M
31/10/2019,-0.337,EUR6M
31/12/2019,1.0854,CHF
31/12/2019,-0.249,EUR12M
31/12/2019,-0.438,EUR1M
31/12/2019,-0.499,EUR1W
31/12/2019,-0.383,EUR3M
31/12/2019,-0.324,EUR6M
31/12/2019,0.8455,GBP
31/12/2019,121.81,JPY
31/12/2019,9.8392,NOK
31/12/2019,1.1213,USD
31/12/2019,,
,-0.446,EONIA
17/05/2020,1.0509,CHF
17/05/2020,0.8939,GBP
17/05/2020,115.82,JPY
17/05/2020,11.0219,NOK
17/05/2020,1.0812,USD
31/12/2019,-0.446,EONIA
